SKU,landed_cost,target_price,recommended_price
MN-01,0.0,0.0,0.0
MN-01,0.0,0.0,0.0
MN-01,0.0,0.0,0.0
MN-01,0.0,0.0,0.0
MN-01,0.0,0.0,0.0
MN-01,0.0,0.0,0.0
MN-01,0.0,0.0,0.0
MN-01,0.0,0.0,0.0
MN-01,0.0,0.0,0.0
MN-01,0.0,0.0,0.0
MN-01,0.0,0.0,0.0
MN-01,0.0,0.0,0.0
MN-01,0.0,0.0,0.0
MN-01,0.0,0.0,0.0
MN-01,0.0,0.0,0.0
MN-01,0.0,0.0,0.0
MN-01,0.0,0.0,0.0
MN-01,0.0,0.0,0.0
MN-01,0.0,0.0,0.0
MN-01,0.0,0.0,0.0
MN-01,0.0,0.0,0.0
MN-01,0.0,0.0,0.0
MN-01,0.0,0.0,0.0
MN-01,0.0,0.0,0.0
MN-01,0.0,0.0,0.0
MN-01,0.0,0.0,0.0
MN-01,0.0,0.0,0.0
MN-01,0.0,0.0,0.0
MN-01,0.0,0.0,0.0
MN-01,0.0,0.0,0.0
MN-01,0.0,0.0,0.0
MN-01,0.0,0.0,0.0
MN-01,0.0,0.0,0.0
MN-01,0.0,0.0,0.0
MN-01,0.0,0.0,0.0
MN-01,0.0,0.0,0.0
MN-01,0.0,0.0,0.0
MN-01,0.0,0.0,0.0
MN-01,0.0,0.0,0.0
MN-01,0.0,0.0,0.0
MN-01,0.0,0.0,0.0
MN-01,0.0,0.0,0.0
MN-01,0.0,0.0,0.0
MN-01,0.0,0.0,0.0
MN-01,0.0,0.0,0.0
MN-01,0.0,0.0,0.0
MN-01,0.0,0.0,0.0
MN-01,0.0,0.0,0.0
MN-01,0.0,0.0,0.0
MN-01,0.0,0.0,0.0
MN-01,0.0,0.0,0.0
MN-01,0.0,0.0,0.0
MN-01,0.0,0.0,0.0
MN-01,0.0,0.0,0.0
MN-01,0.0,0.0,0.0
MN-01,0.0,0.0,0.0
MN-01,0.0,0.0,0.0
MN-01,0.0,0.0,0.0
MN-01,0.0,0.0,0.0
MN-01,0.0,0.0,0.0
MN-01,0.0,0.0,0.0
MN-01,0.0,0.0,0.0
MN-01,0.0,0.0,0.0
MN-01,0.0,0.0,0.0
MN-01,0.0,0.0,0.0
MN-01,0.0,0.0,0.0
MN-01,0.0,0.0,0.0
MN-01,0.0,0.0,0.0
MN-01,0.0,0.0,0.0
MN-01,0.0,0.0,0.0
MN-01,0.0,0.0,0.0
MN-01,0.0,0.0,0.0
MN-01,0.0,0.0,0.0
MN-01,0.0,0.0,0.0
MN-01,0.0,0.0,0.0
MN-01,0.0,0.0,0.0
MN-01,0.0,0.0,0.0
MN-01,0.0,0.0,0.0
MN-01,0.0,0.0,0.0
MN-01,0.0,0.0,0.0
MN-01,0.0,0.0,0.0
MN-01,0.0,0.0,0.0
MN-01,0.0,0.0,0.0
MN-01,0.0,0.0,0.0
MN-01,0.0,0.0,0.0
MN-01,0.0,0.0,0.0
MN-01,0.0,0.0,0.0
MN-01,0.0,0.0,0.0
MN-01,0.0,0.0,0.0
MN-01,0.0,0.0,0.0
MN-01,0.0,0.0,0.0
MN-01,0.0,0.0,0.0
MN-02,0.0,0.0,0.0
MN-02,0.0,0.0,0.0
MN-02,0.0,0.0,0.0
MN-02,0.0,0.0,0.0
MN-02,0.0,0.0,0.0
MN-02,0.0,0.0,0.0
MN-02,0.0,0.0,0.0
MN-02,0.0,0.0,0.0
MN-02,0.0,0.0,0.0
MN-02,0.0,0.0,0.0
MN-02,0.0,0.0,0.0
MN-02,0.0,0.0,0.0
MN-02,0.0,0.0,0.0
MN-02,0.0,0.0,0.0
MN-02,0.0,0.0,0.0
MN-02,0.0,0.0,0.0
MN-02,0.0,0.0,0.0
MN-02,0.0,0.0,0.0
MN-02,0.0,0.0,0.0
MN-02,0.0,0.0,0.0
MN-02,0.0,0.0,0.0
MN-02,0.0,0.0,0.0
MN-02,0.0,0.0,0.0
MN-02,0.0,0.0,0.0
MN-02,0.0,0.0,0.0
MN-02,0.0,0.0,0.0
MN-02,0.0,0.0,0.0
MN-02,0.0,0.0,0.0
MN-02,0.0,0.0,0.0
MN-02,0.0,0.0,0.0
MN-02,0.0,0.0,0.0
MN-02,0.0,0.0,0.0
MN-02,0.0,0.0,0.0
MN-02,0.0,0.0,0.0
MN-02,0.0,0.0,0.0
MN-02,0.0,0.0,0.0
MN-02,0.0,0.0,0.0
MN-02,0.0,0.0,0.0
MN-02,0.0,0.0,0.0
MN-02,0.0,0.0,0.0
MN-02,0.0,0.0,0.0
MN-02,0.0,0.0,0.0
MN-02,0.0,0.0,0.0
MN-02,0.0,0.0,0.0
MN-02,0.0,0.0,0.0
MN-02,0.0,0.0,0.0
MN-02,0.0,0.0,0.0
MN-02,0.0,0.0,0.0
MN-02,0.0,0.0,0.0
MN-02,0.0,0.0,0.0
MN-02,0.0,0.0,0.0
MN-02,0.0,0.0,0.0
MN-02,0.0,0.0,0.0
MN-02,0.0,0.0,0.0
MN-02,0.0,0.0,0.0
MN-02,0.0,0.0,0.0
MN-02,0.0,0.0,0.0
MN-02,0.0,0.0,0.0
MN-02,0.0,0.0,0.0
MN-02,0.0,0.0,0.0
MN-02,0.0,0.0,0.0
MN-02,0.0,0.0,0.0
MN-02,0.0,0.0,0.0
MN-02,0.0,0.0,0.0
MN-02,0.0,0.0,0.0
MN-02,0.0,0.0,0.0
MN-02,0.0,0.0,0.0
MN-02,0.0,0.0,0.0
MN-02,0.0,0.0,0.0
MN-02,0.0,0.0,0.0
MN-02,0.0,0.0,0.0
MN-02,0.0,0.0,0.0
MN-02,0.0,0.0,0.0
MN-02,0.0,0.0,0.0
MN-02,0.0,0.0,0.0
MN-02,0.0,0.0,0.0
MN-02,0.0,0.0,0.0
MN-02,0.0,0.0,0.0
MN-02,0.0,0.0,0.0
MN-02,0.0,0.0,0.0
MN-02,0.0,0.0,0.0
MN-02,0.0,0.0,0.0
MN-02,0.0,0.0,0.0
MN-02,0.0,0.0,0.0
MN-02,0.0,0.0,0.0
MN-03,0.0,0.0,0.0
MN-03,0.0,0.0,0.0
MN-03,0.0,0.0,0.0
MN-03,0.0,0.0,0.0
MN-03,0.0,0.0,0.0
MN-03,0.0,0.0,0.0
MN-03,0.0,0.0,0.0
MN-03,0.0,0.0,0.0
MN-03,0.0,0.0,0.0
MN-03,0.0,0.0,0.0
MN-03,0.0,0.0,0.0
MN-03,0.0,0.0,0.0
MN-03,0.0,0.0,0.0
MN-03,0.0,0.0,0.0
MN-03,0.0,0.0,0.0
MN-03,0.0,0.0,0.0
MN-03,0.0,0.0,0.0
MN-03,0.0,0.0,0.0
MN-03,0.0,0.0,0.0
MN-03,0.0,0.0,0.0
MN-03,0.0,0.0,0.0
MN-03,0.0,0.0,0.0
MN-03,0.0,0.0,0.0
MN-03,0.0,0.0,0.0
MN-03,0.0,0.0,0.0
MN-03,0.0,0.0,0.0
MN-03,0.0,0.0,0.0
MN-03,0.0,0.0,0.0
MN-03,0.0,0.0,0.0
MN-03,0.0,0.0,0.0
MN-03,0.0,0.0,0.0
MN-03,0.0,0.0,0.0
MN-03,0.0,0.0,0.0
MN-03,0.0,0.0,0.0
MN-03,0.0,0.0,0.0
MN-03,0.0,0.0,0.0
MN-03,0.0,0.0,0.0
MN-03,0.0,0.0,0.0
MN-03,0.0,0.0,0.0
MN-03,0.0,0.0,0.0
MN-03,0.0,0.0,0.0
MN-03,0.0,0.0,0.0
MN-03,0.0,0.0,0.0
MN-03,0.0,0.0,0.0
MN-03,0.0,0.0,0.0
MN-03,0.0,0.0,0.0
MN-03,0.0,0.0,0.0
MN-03,0.0,0.0,0.0
MN-03,0.0,0.0,0.0
MN-03,0.0,0.0,0.0
MN-03,0.0,0.0,0.0
MN-03,0.0,0.0,0.0
MN-03,0.0,0.0,0.0
MN-03,0.0,0.0,0.0
MN-03,0.0,0.0,0.0
MN-03,0.0,0.0,0.0
MN-03,0.0,0.0,0.0
MN-03,0.0,0.0,0.0
MN-03,0.0,0.0,0.0
MN-03,0.0,0.0,0.0
MN-03,0.0,0.0,0.0
MN-03,0.0,0.0,0.0
MN-03,0.0,0.0,0.0
MN-03,0.0,0.0,0.0
MN-03,0.0,0.0,0.0
MN-03,0.0,0.0,0.0
MN-03,0.0,0.0,0.0
MN-03,0.0,0.0,0.0
MN-03,0.0,0.0,0.0
MN-03,0.0,0.0,0.0
MN-03,0.0,0.0,0.0
MN-03,0.0,0.0,0.0
MN-03,0.0,0.0,0.0
MN-03,0.0,0.0,0.0
MN-03,0.0,0.0,0.0
MN-03,0.0,0.0,0.0
MN-03,0.0,0.0,0.0
MN-03,0.0,0.0,0.0
MN-04,0.0,0.0,0.0
MN-04,0.0,0.0,0.0
MN-04,0.0,0.0,0.0
MN-04,0.0,0.0,0.0
MN-04,0.0,0.0,0.0
MN-04,0.0,0.0,0.0
MN-04,0.0,0.0,0.0
MN-04,0.0,0.0,0.0
MN-04,0.0,0.0,0.0
MN-04,0.0,0.0,0.0
MN-04,0.0,0.0,0.0
MN-04,0.0,0.0,0.0
MN-04,0.0,0.0,0.0
MN-04,0.0,0.0,0.0
MN-04,0.0,0.0,0.0
MN-04,0.0,0.0,0.0
MN-04,0.0,0.0,0.0
MN-04,0.0,0.0,0.0
MN-04,0.0,0.0,0.0
MN-04,0.0,0.0,0.0
MN-04,0.0,0.0,0.0
MN-04,0.0,0.0,0.0
MN-04,0.0,0.0,0.0
MN-04,0.0,0.0,0.0
MN-04,0.0,0.0,0.0
MN-04,0.0,0.0,0.0
MN-04,0.0,0.0,0.0
MN-04,0.0,0.0,0.0
MN-04,0.0,0.0,0.0
MN-04,0.0,0.0,0.0
MN-04,0.0,0.0,0.0
MN-04,0.0,0.0,0.0
MN-04,0.0,0.0,0.0
MN-04,0.0,0.0,0.0
MN-04,0.0,0.0,0.0
MN-04,0.0,0.0,0.0
MN-04,0.0,0.0,0.0
MN-04,0.0,0.0,0.0
MN-04,0.0,0.0,0.0
MN-04,0.0,0.0,0.0
MN-04,0.0,0.0,0.0
MN-04,0.0,0.0,0.0
MN-04,0.0,0.0,0.0
MN-04,0.0,0.0,0.0
MN-04,0.0,0.0,0.0
MN-04,0.0,0.0,0.0
MN-04,0.0,0.0,0.0
MN-04,0.0,0.0,0.0
MN-04,0.0,0.0,0.0
MN-04,0.0,0.0,0.0
MN-04,0.0,0.0,0.0
MN-04,0.0,0.0,0.0
MN-04,0.0,0.0,0.0
MN-04,0.0,0.0,0.0
MN-04,0.0,0.0,0.0
MN-04,0.0,0.0,0.0
MN-04,0.0,0.0,0.0
MN-04,0.0,0.0,0.0
MN-04,0.0,0.0,0.0
MN-04,0.0,0.0,0.0
MN-04,0.0,0.0,0.0
MN-04,0.0,0.0,0.0
MN-04,0.0,0.0,0.0
MN-04,0.0,0.0,0.0
MN-04,0.0,0.0,0.0
MN-04,0.0,0.0,0.0
MN-04,0.0,0.0,0.0
MN-04,0.0,0.0,0.0
MN-04,0.0,0.0,0.0
MN-04,0.0,0.0,0.0
MN-04,0.0,0.0,0.0
MN-04,0.0,0.0,0.0
MN-04,0.0,0.0,0.0
MN-04,0.0,0.0,0.0
MN-05,0.0,0.0,0.0
MN-05,0.0,0.0,0.0
MN-05,0.0,0.0,0.0
MN-05,0.0,0.0,0.0
MN-05,0.0,0.0,0.0
MN-05,0.0,0.0,0.0
MN-05,0.0,0.0,0.0
MN-05,0.0,0.0,0.0
MN-05,0.0,0.0,0.0
MN-05,0.0,0.0,0.0
MN-05,0.0,0.0,0.0
MN-05,0.0,0.0,0.0
MN-05,0.0,0.0,0.0
MN-05,0.0,0.0,0.0
MN-05,0.0,0.0,0.0
MN-05,0.0,0.0,0.0
MN-05,0.0,0.0,0.0
MN-05,0.0,0.0,0.0
MN-05,0.0,0.0,0.0
MN-05,0.0,0.0,0.0
MN-05,0.0,0.0,0.0
MN-05,0.0,0.0,0.0
MN-05,0.0,0.0,0.0
MN-05,0.0,0.0,0.0
MN-05,0.0,0.0,0.0
MN-05,0.0,0.0,0.0
MN-05,0.0,0.0,0.0
MN-05,0.0,0.0,0.0
MN-05,0.0,0.0,0.0
MN-05,0.0,0.0,0.0
MN-05,0.0,0.0,0.0
MN-05,0.0,0.0,0.0
MN-05,0.0,0.0,0.0
MN-05,0.0,0.0,0.0
MN-05,0.0,0.0,0.0
MN-05,0.0,0.0,0.0
MN-05,0.0,0.0,0.0
MN-05,0.0,0.0,0.0
MN-05,0.0,0.0,0.0
MN-05,0.0,0.0,0.0
MN-05,0.0,0.0,0.0
MN-05,0.0,0.0,0.0
MN-05,0.0,0.0,0.0
MN-05,0.0,0.0,0.0
MN-05,0.0,0.0,0.0
MN-05,0.0,0.0,0.0
MN-05,0.0,0.0,0.0
MN-05,0.0,0.0,0.0
MN-05,0.0,0.0,0.0
MN-05,0.0,0.0,0.0
MN-05,0.0,0.0,0.0
MN-05,0.0,0.0,0.0
MN-05,0.0,0.0,0.0
MN-05,0.0,0.0,0.0
MN-05,0.0,0.0,0.0
MN-05,0.0,0.0,0.0
MN-05,0.0,0.0,0.0
MN-05,0.0,0.0,0.0
MN-05,0.0,0.0,0.0
MN-05,0.0,0.0,0.0
MN-05,0.0,0.0,0.0
MN-05,0.0,0.0,0.0
MN-05,0.0,0.0,0.0
MN-05,0.0,0.0,0.0
MN-05,0.0,0.0,0.0
MN-05,0.0,0.0,0.0
MN-05,0.0,0.0,0.0
MN-05,0.0,0.0,0.0
MN-05,0.0,0.0,0.0
MN-05,0.0,0.0,0.0
MN-05,0.0,0.0,0.0
MN-06,0.0,0.0,0.0
MN-06,0.0,0.0,0.0
MN-06,0.0,0.0,0.0
MN-06,0.0,0.0,0.0
MN-06,0.0,0.0,0.0
MN-06,0.0,0.0,0.0
MN-06,0.0,0.0,0.0
MN-06,0.0,0.0,0.0
MN-06,0.0,0.0,0.0
MN-06,0.0,0.0,0.0
MN-06,0.0,0.0,0.0
MN-06,0.0,0.0,0.0
MN-06,0.0,0.0,0.0
MN-06,0.0,0.0,0.0
MN-06,0.0,0.0,0.0
MN-06,0.0,0.0,0.0
MN-06,0.0,0.0,0.0
MN-06,0.0,0.0,0.0
MN-06,0.0,0.0,0.0
MN-06,0.0,0.0,0.0
MN-06,0.0,0.0,0.0
MN-06,0.0,0.0,0.0
MN-06,0.0,0.0,0.0
MN-06,0.0,0.0,0.0
MN-06,0.0,0.0,0.0
MN-06,0.0,0.0,0.0
MN-06,0.0,0.0,0.0
MN-06,0.0,0.0,0.0
MN-06,0.0,0.0,0.0
MN-06,0.0,0.0,0.0
MN-06,0.0,0.0,0.0
MN-06,0.0,0.0,0.0
MN-06,0.0,0.0,0.0
MN-06,0.0,0.0,0.0
MN-06,0.0,0.0,0.0
MN-06,0.0,0.0,0.0
MN-06,0.0,0.0,0.0
MN-06,0.0,0.0,0.0
MN-06,0.0,0.0,0.0
MN-06,0.0,0.0,0.0
MN-06,0.0,0.0,0.0
MN-06,0.0,0.0,0.0
MN-06,0.0,0.0,0.0
MN-06,0.0,0.0,0.0
MN-06,0.0,0.0,0.0
MN-06,0.0,0.0,0.0
MN-06,0.0,0.0,0.0
MN-07,0.0,0.0,0.0
MN-07,0.0,0.0,0.0
MN-07,0.0,0.0,0.0
MN-07,0.0,0.0,0.0
MN-07,0.0,0.0,0.0
MN-07,0.0,0.0,0.0
MN-07,0.0,0.0,0.0
MN-07,0.0,0.0,0.0
MN-07,0.0,0.0,0.0
MN-07,0.0,0.0,0.0
MN-07,0.0,0.0,0.0
MN-07,0.0,0.0,0.0
MN-07,0.0,0.0,0.0
MN-07,0.0,0.0,0.0
MN-07,0.0,0.0,0.0
MN-07,0.0,0.0,0.0
MN-07,0.0,0.0,0.0
MN-07,0.0,0.0,0.0
MN-07,0.0,0.0,0.0
MN-07,0.0,0.0,0.0
MN-07,0.0,0.0,0.0
MN-07,0.0,0.0,0.0
MN-07,0.0,0.0,0.0
MN-07,0.0,0.0,0.0
MN-07,0.0,0.0,0.0
MN-07,0.0,0.0,0.0
MN-07,0.0,0.0,0.0
MN-07,0.0,0.0,0.0
MN-07,0.0,0.0,0.0
MN-07,0.0,0.0,0.0
MN-07,0.0,0.0,0.0
MN-07,0.0,0.0,0.0
MN-07,0.0,0.0,0.0
MN-07,0.0,0.0,0.0
MN-07,0.0,0.0,0.0
MN-07,0.0,0.0,0.0
MN-07,0.0,0.0,0.0
MN-07,0.0,0.0,0.0
MN-07,0.0,0.0,0.0
MN-07,0.0,0.0,0.0
MN-07,0.0,0.0,0.0
MN-07,0.0,0.0,0.0
MN-07,0.0,0.0,0.0
MN-07,0.0,0.0,0.0
MN-07,0.0,0.0,0.0
MN-07,0.0,0.0,0.0
MN-07,0.0,0.0,0.0
MN-07,0.0,0.0,0.0
MN-07,0.0,0.0,0.0
MN-07,0.0,0.0,0.0
MN-07,0.0,0.0,0.0
MN-07,0.0,0.0,0.0
MN-07,0.0,0.0,0.0
MN-07,0.0,0.0,0.0
MN-07,0.0,0.0,0.0
MN-07,0.0,0.0,0.0
MN-07,0.0,0.0,0.0
MN-07,0.0,0.0,0.0
MN-07,0.0,0.0,0.0
MN-07,0.0,0.0,0.0
MN-07,0.0,0.0,0.0
MN-07,0.0,0.0,0.0
MN-07,0.0,0.0,0.0
MN-07,0.0,0.0,0.0
MN-07,0.0,0.0,0.0
MN-07,0.0,0.0,0.0
MN-07,0.0,0.0,0.0
MN-07,0.0,0.0,0.0
MN-07,0.0,0.0,0.0
MN-07,0.0,0.0,0.0
MN-07,0.0,0.0,0.0
MN-07,0.0,0.0,0.0
MN-07,0.0,0.0,0.0
MN-07,0.0,0.0,0.0
MN-07,0.0,0.0,0.0
MN-07,0.0,0.0,0.0
MN-07,0.0,0.0,0.0
MN-07,0.0,0.0,0.0
MN-08,0.0,0.0,0.0
MN-08,0.0,0.0,0.0
MN-08,0.0,0.0,0.0
MN-08,0.0,0.0,0.0
MN-08,0.0,0.0,0.0
MN-08,0.0,0.0,0.0
MN-08,0.0,0.0,0.0
MN-08,0.0,0.0,0.0
MN-08,0.0,0.0,0.0
MN-08,0.0,0.0,0.0
MN-08,0.0,0.0,0.0
MN-08,0.0,0.0,0.0
MN-08,0.0,0.0,0.0
MN-08,0.0,0.0,0.0
MN-08,0.0,0.0,0.0
MN-08,0.0,0.0,0.0
MN-08,0.0,0.0,0.0
MN-08,0.0,0.0,0.0
MN-08,0.0,0.0,0.0
MN-08,0.0,0.0,0.0
MN-08,0.0,0.0,0.0
MN-08,0.0,0.0,0.0
MN-08,0.0,0.0,0.0
MN-08,0.0,0.0,0.0
MN-08,0.0,0.0,0.0
MN-08,0.0,0.0,0.0
MN-08,0.0,0.0,0.0
MN-09,0.0,0.0,0.0
MN-09,0.0,0.0,0.0
MN-09,0.0,0.0,0.0
MN-09,0.0,0.0,0.0
MN-09,0.0,0.0,0.0
MN-09,0.0,0.0,0.0
MN-09,0.0,0.0,0.0
MN-09,0.0,0.0,0.0
MN-09,0.0,0.0,0.0
MN-09,0.0,0.0,0.0
MN-09,0.0,0.0,0.0
MN-09,0.0,0.0,0.0
MN-09,0.0,0.0,0.0
MN-09,0.0,0.0,0.0
MN-09,0.0,0.0,0.0
MN-09,0.0,0.0,0.0
MN-09,0.0,0.0,0.0
MN-09,0.0,0.0,0.0
MN-09,0.0,0.0,0.0
MN-09,0.0,0.0,0.0
MN-09,0.0,0.0,0.0
MN-09,0.0,0.0,0.0
MN-09,0.0,0.0,0.0
MN-09,0.0,0.0,0.0
MN-09,0.0,0.0,0.0
MN-09,0.0,0.0,0.0
MN-09,0.0,0.0,0.0
MN-09,0.0,0.0,0.0
MN-09,0.0,0.0,0.0
MN-09,0.0,0.0,0.0
MN-09,0.0,0.0,0.0
MN-09,0.0,0.0,0.0
MN-09,0.0,0.0,0.0
MN-09,0.0,0.0,0.0
MN-09,0.0,0.0,0.0
MN-09,0.0,0.0,0.0
MN-09,0.0,0.0,0.0
MN-09,0.0,0.0,0.0
MN-09,0.0,0.0,0.0
MN-09,0.0,0.0,0.0
MN-09,0.0,0.0,0.0
MN-09,0.0,0.0,0.0
MN-09,0.0,0.0,0.0
MN-09,0.0,0.0,0.0
MN-09,0.0,0.0,0.0
MN-09,0.0,0.0,0.0
MN-09,0.0,0.0,0.0
MN-09,0.0,0.0,0.0
MN-09,0.0,0.0,0.0
MN-09,0.0,0.0,0.0
MN-09,0.0,0.0,0.0
MN-09,0.0,0.0,0.0
MN-09,0.0,0.0,0.0
MN-09,0.0,0.0,0.0
MN-09,0.0,0.0,0.0
MN-10,0.0,0.0,0.0
MN-10,0.0,0.0,0.0
MN-10,0.0,0.0,0.0
MN-10,0.0,0.0,0.0
MN-10,0.0,0.0,0.0
MN-10,0.0,0.0,0.0
MN-10,0.0,0.0,0.0
MN-10,0.0,0.0,0.0
MN-10,0.0,0.0,0.0
MN-10,0.0,0.0,0.0
MN-10,0.0,0.0,0.0
MN-10,0.0,0.0,0.0
MN-10,0.0,0.0,0.0
MN-10,0.0,0.0,0.0
MN-10,0.0,0.0,0.0
MN-10,0.0,0.0,0.0
MN-10,0.0,0.0,0.0
MN-10,0.0,0.0,0.0
MN-10,0.0,0.0,0.0
MN-10,0.0,0.0,0.0
MN-10,0.0,0.0,0.0
MN-10,0.0,0.0,0.0
MN-10,0.0,0.0,0.0
MN-10,0.0,0.0,0.0
MN-10,0.0,0.0,0.0
MN-10,0.0,0.0,0.0
MN-10,0.0,0.0,0.0
MN-10,0.0,0.0,0.0
MN-10,0.0,0.0,0.0
MN-10,0.0,0.0,0.0
MN-10,0.0,0.0,0.0
MN-10,0.0,0.0,0.0
MN-10,0.0,0.0,0.0
MN-10,0.0,0.0,0.0
MN-10,0.0,0.0,0.0
MN-10,0.0,0.0,0.0
MN-10,0.0,0.0,0.0
MN-10,0.0,0.0,0.0
MN-10,0.0,0.0,0.0
MN-10,0.0,0.0,0.0
MN-10,0.0,0.0,0.0
MN-10,0.0,0.0,0.0
MN-10,0.0,0.0,0.0
MN-10,0.0,0.0,0.0
MN-10,0.0,0.0,0.0
MN-10,0.0,0.0,0.0
MN-10,0.0,0.0,0.0
MN-10,0.0,0.0,0.0
MN-10,0.0,0.0,0.0
MN-10,0.0,0.0,0.0
MN-10,0.0,0.0,0.0
MN-10,0.0,0.0,0.0
MN-10,0.0,0.0,0.0
MN-10,0.0,0.0,0.0
MN-10,0.0,0.0,0.0
MN-10,0.0,0.0,0.0
MN-10,0.0,0.0,0.0
MN-10,0.0,0.0,0.0
MN-10,0.0,0.0,0.0
MN-10,0.0,0.0,0.0
MN-10,0.0,0.0,0.0
MN-10,0.0,0.0,0.0
MN-10,0.0,0.0,0.0
MN-10,0.0,0.0,0.0
MN-10,0.0,0.0,0.0
MN-10,0.0,0.0,0.0
MN-10,0.0,0.0,0.0
MN-10,0.0,0.0,0.0
MN-10,0.0,0.0,0.0
MN-10,0.0,0.0,0.0
MN-10,0.0,0.0,0.0
MN-10,0.0,0.0,0.0
MN-11,0.0,0.0,0.0
MN-11,0.0,0.0,0.0
MN-11,0.0,0.0,0.0
MN-11,0.0,0.0,0.0
MN-11,0.0,0.0,0.0
MN-11,0.0,0.0,0.0
MN-11,0.0,0.0,0.0
MN-11,0.0,0.0,0.0
MN-11,0.0,0.0,0.0
MN-11,0.0,0.0,0.0
MN-11,0.0,0.0,0.0
MN-11,0.0,0.0,0.0
MN-11,0.0,0.0,0.0
MN-11,0.0,0.0,0.0
MN-11,0.0,0.0,0.0
MN-11,0.0,0.0,0.0
MN-11,0.0,0.0,0.0
MN-11,0.0,0.0,0.0
MN-11,0.0,0.0,0.0
MN-11,0.0,0.0,0.0
MN-11,0.0,0.0,0.0
MN-11,0.0,0.0,0.0
MN-11,0.0,0.0,0.0
MN-11,0.0,0.0,0.0
MN-11,0.0,0.0,0.0
MN-11,0.0,0.0,0.0
MN-11,0.0,0.0,0.0
MN-11,0.0,0.0,0.0
MN-11,0.0,0.0,0.0
MN-11,0.0,0.0,0.0
MN-11,0.0,0.0,0.0
MN-11,0.0,0.0,0.0
MN-11,0.0,0.0,0.0
MN-11,0.0,0.0,0.0
MN-11,0.0,0.0,0.0
MN-11,0.0,0.0,0.0
MN-11,0.0,0.0,0.0
MN-11,0.0,0.0,0.0
MN-11,0.0,0.0,0.0
MN-11,0.0,0.0,0.0
MN-11,0.0,0.0,0.0
MN-11,0.0,0.0,0.0
MN-11,0.0,0.0,0.0
MN-11,0.0,0.0,0.0
MN-11,0.0,0.0,0.0
MN-11,0.0,0.0,0.0
MN-11,0.0,0.0,0.0
MN-11,0.0,0.0,0.0
MN-11,0.0,0.0,0.0
MN-11,0.0,0.0,0.0
MN-11,0.0,0.0,0.0
MN-11,0.0,0.0,0.0
MN-11,0.0,0.0,0.0
MN-11,0.0,0.0,0.0
MN-11,0.0,0.0,0.0
MN-11,0.0,0.0,0.0
MN-11,0.0,0.0,0.0
MN-11,0.0,0.0,0.0
MN-11,0.0,0.0,0.0
MN-11,0.0,0.0,0.0
MN-11,0.0,0.0,0.0
MN-11,0.0,0.0,0.0
MN-11,0.0,0.0,0.0
MN-11,0.0,0.0,0.0
MN-11,0.0,0.0,0.0
MN-11,0.0,0.0,0.0
MN-11,0.0,0.0,0.0
MN-11,0.0,0.0,0.0
MN-11,0.0,0.0,0.0
MN-11,0.0,0.0,0.0
MN-11,0.0,0.0,0.0
MN-11,0.0,0.0,0.0
MN-11,0.0,0.0,0.0
MN-11,0.0,0.0,0.0
MN-11,0.0,0.0,0.0
MN-11,0.0,0.0,0.0
MN-11,0.0,0.0,0.0
MN-11,0.0,0.0,0.0
MN-11,0.0,0.0,0.0
MN-12,0.0,0.0,0.0
MN-12,0.0,0.0,0.0
MN-12,0.0,0.0,0.0
MN-12,0.0,0.0,0.0
MN-12,0.0,0.0,0.0
MN-12,0.0,0.0,0.0
MN-12,0.0,0.0,0.0
MN-12,0.0,0.0,0.0
MN-12,0.0,0.0,0.0
MN-12,0.0,0.0,0.0
MN-12,0.0,0.0,0.0
MN-12,0.0,0.0,0.0
MN-12,0.0,0.0,0.0
MN-12,0.0,0.0,0.0
MN-12,0.0,0.0,0.0
MN-12,0.0,0.0,0.0
MN-12,0.0,0.0,0.0
MN-12,0.0,0.0,0.0
MN-12,0.0,0.0,0.0
MN-12,0.0,0.0,0.0
MN-12,0.0,0.0,0.0
MN-12,0.0,0.0,0.0
MN-12,0.0,0.0,0.0
MN-12,0.0,0.0,0.0
MN-12,0.0,0.0,0.0
MN-12,0.0,0.0,0.0
MN-12,0.0,0.0,0.0
MN-12,0.0,0.0,0.0
MN-12,0.0,0.0,0.0
MN-12,0.0,0.0,0.0
MN-12,0.0,0.0,0.0
MN-12,0.0,0.0,0.0
MN-12,0.0,0.0,0.0
MN-12,0.0,0.0,0.0
MN-12,0.0,0.0,0.0
MN-12,0.0,0.0,0.0
MN-12,0.0,0.0,0.0
MN-12,0.0,0.0,0.0
MN-12,0.0,0.0,0.0
MN-12,0.0,0.0,0.0
MN-12,0.0,0.0,0.0
MN-12,0.0,0.0,0.0
MN-12,0.0,0.0,0.0
MN-12,0.0,0.0,0.0
MN-12,0.0,0.0,0.0
MN-12,0.0,0.0,0.0
MN-12,0.0,0.0,0.0
MN-12,0.0,0.0,0.0
MN-12,0.0,0.0,0.0
MN-12,0.0,0.0,0.0
MN-12,0.0,0.0,0.0
MN-12,0.0,0.0,0.0
MN-12,0.0,0.0,0.0
MN-12,0.0,0.0,0.0
MN-12,0.0,0.0,0.0
MN-12,0.0,0.0,0.0
MN-12,0.0,0.0,0.0
MN-12,0.0,0.0,0.0
MN-12,0.0,0.0,0.0
MN-12,0.0,0.0,0.0
MN-12,0.0,0.0,0.0
MN-12,0.0,0.0,0.0
MN-12,0.0,0.0,0.0
MN-12,0.0,0.0,0.0
MN-12,0.0,0.0,0.0
MN-12,0.0,0.0,0.0
MN-12,0.0,0.0,0.0
MN-12,0.0,0.0,0.0
MN-12,0.0,0.0,0.0
MN-12,0.0,0.0,0.0
MN-12,0.0,0.0,0.0
MN-12,0.0,0.0,0.0
MN-12,0.0,0.0,0.0
MN-12,0.0,0.0,0.0
MN-12,0.0,0.0,0.0
MN-12,0.0,0.0,0.0
MN-12,0.0,0.0,0.0
MN-12,0.0,0.0,0.0
MN-12,0.0,0.0,0.0
MN-12,0.0,0.0,0.0
MN-12,0.0,0.0,0.0
MN-12,0.0,0.0,0.0
MN-12,0.0,0.0,0.0
MN-12,0.0,0.0,0.0
MN-12,0.0,0.0,0.0
MN-12,0.0,0.0,0.0
MN-12,0.0,0.0,0.0
MN-13,0.0,0.0,0.0
MN-13,0.0,0.0,0.0
MN-13,0.0,0.0,0.0
MN-13,0.0,0.0,0.0
MN-13,0.0,0.0,0.0
MN-13,0.0,0.0,0.0
MN-13,0.0,0.0,0.0
MN-13,0.0,0.0,0.0
MN-13,0.0,0.0,0.0
MN-13,0.0,0.0,0.0
MN-13,0.0,0.0,0.0
MN-13,0.0,0.0,0.0
MN-13,0.0,0.0,0.0
MN-13,0.0,0.0,0.0
MN-13,0.0,0.0,0.0
MN-13,0.0,0.0,0.0
MN-13,0.0,0.0,0.0
MN-13,0.0,0.0,0.0
MN-13,0.0,0.0,0.0
MN-13,0.0,0.0,0.0
MN-13,0.0,0.0,0.0
MN-13,0.0,0.0,0.0
MN-13,0.0,0.0,0.0
MN-13,0.0,0.0,0.0
MN-13,0.0,0.0,0.0
MN-13,0.0,0.0,0.0
MN-13,0.0,0.0,0.0
MN-13,0.0,0.0,0.0
MN-13,0.0,0.0,0.0
MN-13,0.0,0.0,0.0
MN-13,0.0,0.0,0.0
MN-13,0.0,0.0,0.0
MN-13,0.0,0.0,0.0
MN-13,0.0,0.0,0.0
MN-13,0.0,0.0,0.0
MN-13,0.0,0.0,0.0
MN-13,0.0,0.0,0.0
MN-13,0.0,0.0,0.0
MN-13,0.0,0.0,0.0
MN-13,0.0,0.0,0.0
MN-13,0.0,0.0,0.0
MN-13,0.0,0.0,0.0
MN-13,0.0,0.0,0.0
MN-13,0.0,0.0,0.0
MN-13,0.0,0.0,0.0
MN-13,0.0,0.0,0.0
MN-13,0.0,0.0,0.0
MN-13,0.0,0.0,0.0
MN-13,0.0,0.0,0.0
MN-13,0.0,0.0,0.0
MN-13,0.0,0.0,0.0
MN-13,0.0,0.0,0.0
MN-13,0.0,0.0,0.0
MN-13,0.0,0.0,0.0
MN-13,0.0,0.0,0.0
MN-13,0.0,0.0,0.0
MN-13,0.0,0.0,0.0
MN-13,0.0,0.0,0.0
MN-13,0.0,0.0,0.0
MN-13,0.0,0.0,0.0
MN-13,0.0,0.0,0.0
MN-13,0.0,0.0,0.0
MN-13,0.0,0.0,0.0
MN-13,0.0,0.0,0.0
MN-13,0.0,0.0,0.0
MN-13,0.0,0.0,0.0
MN-13,0.0,0.0,0.0
MN-13,0.0,0.0,0.0
MN-13,0.0,0.0,0.0
MN-13,0.0,0.0,0.0
MN-13,0.0,0.0,0.0
MN-13,0.0,0.0,0.0
MN-13,0.0,0.0,0.0
MN-13,0.0,0.0,0.0
MN-13,0.0,0.0,0.0
MN-13,0.0,0.0,0.0
MN-13,0.0,0.0,0.0
MN-13,0.0,0.0,0.0
MN-13,0.0,0.0,0.0
MN-13,0.0,0.0,0.0
MN-13,0.0,0.0,0.0
MN-13,0.0,0.0,0.0
MN-13,0.0,0.0,0.0
MN-13,0.0,0.0,0.0
MN-13,0.0,0.0,0.0
MN-13,0.0,0.0,0.0
MN-13,0.0,0.0,0.0
MN-13,0.0,0.0,0.0
MN-13,0.0,0.0,0.0
MN-13,0.0,0.0,0.0
MN-13,0.0,0.0,0.0
MN-13,0.0,0.0,0.0
MN-13,0.0,0.0,0.0
MN-13,0.0,0.0,0.0
MN-14,0.0,0.0,0.0
MN-14,0.0,0.0,0.0
MN-14,0.0,0.0,0.0
MN-14,0.0,0.0,0.0
MN-14,0.0,0.0,0.0
MN-14,0.0,0.0,0.0
MN-14,0.0,0.0,0.0
MN-14,0.0,0.0,0.0
MN-14,0.0,0.0,0.0
MN-14,0.0,0.0,0.0
MN-14,0.0,0.0,0.0
MN-14,0.0,0.0,0.0
MN-14,0.0,0.0,0.0
MN-14,0.0,0.0,0.0
MN-14,0.0,0.0,0.0
MN-14,0.0,0.0,0.0
MN-14,0.0,0.0,0.0
MN-14,0.0,0.0,0.0
MN-14,0.0,0.0,0.0
MN-14,0.0,0.0,0.0
MN-14,0.0,0.0,0.0
MN-14,0.0,0.0,0.0
MN-14,0.0,0.0,0.0
MN-14,0.0,0.0,0.0
MN-14,0.0,0.0,0.0
MN-14,0.0,0.0,0.0
MN-14,0.0,0.0,0.0
MN-14,0.0,0.0,0.0
MN-14,0.0,0.0,0.0
MN-14,0.0,0.0,0.0
MN-14,0.0,0.0,0.0
MN-14,0.0,0.0,0.0
MN-14,0.0,0.0,0.0
MN-14,0.0,0.0,0.0
MN-14,0.0,0.0,0.0
MN-14,0.0,0.0,0.0
MN-14,0.0,0.0,0.0
MN-14,0.0,0.0,0.0
MN-14,0.0,0.0,0.0
MN-14,0.0,0.0,0.0
MN-14,0.0,0.0,0.0
MN-14,0.0,0.0,0.0
MN-14,0.0,0.0,0.0
MN-14,0.0,0.0,0.0
MN-14,0.0,0.0,0.0
MN-14,0.0,0.0,0.0
MN-14,0.0,0.0,0.0
MN-14,0.0,0.0,0.0
MN-14,0.0,0.0,0.0
MN-14,0.0,0.0,0.0
MN-14,0.0,0.0,0.0
MN-14,0.0,0.0,0.0
MN-14,0.0,0.0,0.0
MN-14,0.0,0.0,0.0
MN-14,0.0,0.0,0.0
MN-14,0.0,0.0,0.0
MN-14,0.0,0.0,0.0
MN-14,0.0,0.0,0.0
MN-14,0.0,0.0,0.0
MN-14,0.0,0.0,0.0
MN-14,0.0,0.0,0.0
MN-14,0.0,0.0,0.0
MN-14,0.0,0.0,0.0
MN-14,0.0,0.0,0.0
MN-14,0.0,0.0,0.0
MN-14,0.0,0.0,0.0
MN-14,0.0,0.0,0.0
MN-14,0.0,0.0,0.0
MN-14,0.0,0.0,0.0
MN-14,0.0,0.0,0.0
MN-14,0.0,0.0,0.0
MN-14,0.0,0.0,0.0
MN-14,0.0,0.0,0.0
MN-14,0.0,0.0,0.0
MN-14,0.0,0.0,0.0
MN-14,0.0,0.0,0.0
MN-14,0.0,0.0,0.0
MN-14,0.0,0.0,0.0
MN-14,0.0,0.0,0.0
MN-14,0.0,0.0,0.0
MN-14,0.0,0.0,0.0
MN-14,0.0,0.0,0.0
MN-14,0.0,0.0,0.0
MN-14,0.0,0.0,0.0
MN-14,0.0,0.0,0.0
MN-14,0.0,0.0,0.0
MN-14,0.0,0.0,0.0
MN-14,0.0,0.0,0.0
MN-14,0.0,0.0,0.0
MN-14,0.0,0.0,0.0
MN-14,0.0,0.0,0.0
MN-14,0.0,0.0,0.0
MN-14,0.0,0.0,0.0
MN-14,0.0,0.0,0.0
MN-14,0.0,0.0,0.0
MN-14,0.0,0.0,0.0
MN-14,0.0,0.0,0.0
MN-14,0.0,0.0,0.0
MN-14,0.0,0.0,0.0
MN-14,0.0,0.0,0.0
MN-14,0.0,0.0,0.0
MN-14,0.0,0.0,0.0
MN-14,0.0,0.0,0.0
MN-14,0.0,0.0,0.0
MN-14,0.0,0.0,0.0
MN-14,0.0,0.0,0.0
MN-14,0.0,0.0,0.0
MN-14,0.0,0.0,0.0
MN-14,0.0,0.0,0.0
MN-14,0.0,0.0,0.0
MN-15,0.0,0.0,0.0
MN-15,0.0,0.0,0.0
MN-15,0.0,0.0,0.0
MN-15,0.0,0.0,0.0
MN-15,0.0,0.0,0.0
MN-15,0.0,0.0,0.0
MN-15,0.0,0.0,0.0
MN-15,0.0,0.0,0.0
MN-15,0.0,0.0,0.0
MN-15,0.0,0.0,0.0
MN-15,0.0,0.0,0.0
MN-15,0.0,0.0,0.0
MN-15,0.0,0.0,0.0
MN-15,0.0,0.0,0.0
MN-15,0.0,0.0,0.0
MN-15,0.0,0.0,0.0
MN-15,0.0,0.0,0.0
MN-15,0.0,0.0,0.0
MN-15,0.0,0.0,0.0
MN-15,0.0,0.0,0.0
MN-15,0.0,0.0,0.0
MN-15,0.0,0.0,0.0
MN-15,0.0,0.0,0.0
MN-15,0.0,0.0,0.0
MN-15,0.0,0.0,0.0
MN-15,0.0,0.0,0.0
MN-15,0.0,0.0,0.0
MN-15,0.0,0.0,0.0
MN-15,0.0,0.0,0.0
MN-15,0.0,0.0,0.0
MN-15,0.0,0.0,0.0
MN-15,0.0,0.0,0.0
MN-15,0.0,0.0,0.0
MN-15,0.0,0.0,0.0
MN-15,0.0,0.0,0.0
MN-15,0.0,0.0,0.0
MN-15,0.0,0.0,0.0
MN-15,0.0,0.0,0.0
MN-15,0.0,0.0,0.0
MN-15,0.0,0.0,0.0
MN-15,0.0,0.0,0.0
MN-15,0.0,0.0,0.0
MN-15,0.0,0.0,0.0
MN-15,0.0,0.0,0.0
MN-15,0.0,0.0,0.0
MN-15,0.0,0.0,0.0
MN-15,0.0,0.0,0.0
MN-15,0.0,0.0,0.0
MN-15,0.0,0.0,0.0
MN-15,0.0,0.0,0.0
MN-15,0.0,0.0,0.0
MN-15,0.0,0.0,0.0
MN-15,0.0,0.0,0.0
MN-15,0.0,0.0,0.0
MN-15,0.0,0.0,0.0
MN-15,0.0,0.0,0.0
MN-15,0.0,0.0,0.0
MN-15,0.0,0.0,0.0
MN-15,0.0,0.0,0.0
MN-15,0.0,0.0,0.0
MN-15,0.0,0.0,0.0
MN-15,0.0,0.0,0.0
MN-15,0.0,0.0,0.0
MN-15,0.0,0.0,0.0
MN-15,0.0,0.0,0.0
MN-15,0.0,0.0,0.0
MN-15,0.0,0.0,0.0
MN-15,0.0,0.0,0.0
MN-15,0.0,0.0,0.0
MN-15,0.0,0.0,0.0
MN-15,0.0,0.0,0.0
MN-15,0.0,0.0,0.0
MN-15,0.0,0.0,0.0
MN-15,0.0,0.0,0.0
MN-15,0.0,0.0,0.0
MN-15,0.0,0.0,0.0
MN-15,0.0,0.0,0.0
MN-15,0.0,0.0,0.0
MN-15,0.0,0.0,0.0
MN-15,0.0,0.0,0.0
MN-15,0.0,0.0,0.0
MN-15,0.0,0.0,0.0
MN-15,0.0,0.0,0.0
MN-15,0.0,0.0,0.0
MN-15,0.0,0.0,0.0
MN-15,0.0,0.0,0.0
MN-15,0.0,0.0,0.0
MN-15,0.0,0.0,0.0
MN-15,0.0,0.0,0.0
MN-15,0.0,0.0,0.0
MN-15,0.0,0.0,0.0
MN-15,0.0,0.0,0.0
MN-15,0.0,0.0,0.0
MN-15,0.0,0.0,0.0
MN-15,0.0,0.0,0.0
MN-16,0.0,0.0,0.0
MN-16,0.0,0.0,0.0
MN-16,0.0,0.0,0.0
MN-16,0.0,0.0,0.0
MN-16,0.0,0.0,0.0
MN-16,0.0,0.0,0.0
MN-16,0.0,0.0,0.0
MN-16,0.0,0.0,0.0
MN-16,0.0,0.0,0.0
MN-16,0.0,0.0,0.0
MN-16,0.0,0.0,0.0
MN-16,0.0,0.0,0.0
MN-16,0.0,0.0,0.0
MN-16,0.0,0.0,0.0
MN-16,0.0,0.0,0.0
MN-16,0.0,0.0,0.0
MN-16,0.0,0.0,0.0
MN-16,0.0,0.0,0.0
MN-16,0.0,0.0,0.0
MN-16,0.0,0.0,0.0
MN-16,0.0,0.0,0.0
MN-16,0.0,0.0,0.0
MN-16,0.0,0.0,0.0
MN-16,0.0,0.0,0.0
MN-16,0.0,0.0,0.0
MN-16,0.0,0.0,0.0
MN-16,0.0,0.0,0.0
MN-16,0.0,0.0,0.0
MN-16,0.0,0.0,0.0
MN-16,0.0,0.0,0.0
MN-16,0.0,0.0,0.0
MN-16,0.0,0.0,0.0
MN-16,0.0,0.0,0.0
MN-16,0.0,0.0,0.0
MN-16,0.0,0.0,0.0
MN-16,0.0,0.0,0.0
MN-16,0.0,0.0,0.0
MN-16,0.0,0.0,0.0
MN-16,0.0,0.0,0.0
MN-16,0.0,0.0,0.0
MN-16,0.0,0.0,0.0
MN-16,0.0,0.0,0.0
MN-16,0.0,0.0,0.0
MN-16,0.0,0.0,0.0
MN-16,0.0,0.0,0.0
MN-16,0.0,0.0,0.0
MN-16,0.0,0.0,0.0
MN-16,0.0,0.0,0.0
MN-16,0.0,0.0,0.0
MN-16,0.0,0.0,0.0
MN-16,0.0,0.0,0.0
MN-16,0.0,0.0,0.0
MN-16,0.0,0.0,0.0
MN-16,0.0,0.0,0.0
MN-16,0.0,0.0,0.0
MN-16,0.0,0.0,0.0
MN-16,0.0,0.0,0.0
MN-16,0.0,0.0,0.0
MN-16,0.0,0.0,0.0
MN-16,0.0,0.0,0.0
MN-16,0.0,0.0,0.0
MN-16,0.0,0.0,0.0
MN-16,0.0,0.0,0.0
MN-16,0.0,0.0,0.0
MN-16,0.0,0.0,0.0
MN-16,0.0,0.0,0.0
MN-16,0.0,0.0,0.0
MN-16,0.0,0.0,0.0
MN-16,0.0,0.0,0.0
MN-16,0.0,0.0,0.0
MN-16,0.0,0.0,0.0
MN-16,0.0,0.0,0.0
MN-16,0.0,0.0,0.0
MN-16,0.0,0.0,0.0
MN-16,0.0,0.0,0.0
MN-16,0.0,0.0,0.0
MN-16,0.0,0.0,0.0
MN-16,0.0,0.0,0.0
MN-16,0.0,0.0,0.0
MN-16,0.0,0.0,0.0
MN-16,0.0,0.0,0.0
MN-16,0.0,0.0,0.0
MN-16,0.0,0.0,0.0
MN-16,0.0,0.0,0.0
MN-16,0.0,0.0,0.0
MN-16,0.0,0.0,0.0
MN-16,0.0,0.0,0.0
MN-16,0.0,0.0,0.0
MN-16,0.0,0.0,0.0
MN-16,0.0,0.0,0.0
MN-16,0.0,0.0,0.0
MN-16,0.0,0.0,0.0
MN-16,0.0,0.0,0.0
MN-16,0.0,0.0,0.0
MN-16,0.0,0.0,0.0
MN-16,0.0,0.0,0.0
MN-17,0.0,0.0,0.0
MN-17,0.0,0.0,0.0
MN-17,0.0,0.0,0.0
MN-17,0.0,0.0,0.0
MN-17,0.0,0.0,0.0
MN-17,0.0,0.0,0.0
MN-17,0.0,0.0,0.0
MN-17,0.0,0.0,0.0
MN-17,0.0,0.0,0.0
MN-17,0.0,0.0,0.0
MN-17,0.0,0.0,0.0
MN-17,0.0,0.0,0.0
MN-17,0.0,0.0,0.0
MN-17,0.0,0.0,0.0
MN-17,0.0,0.0,0.0
MN-17,0.0,0.0,0.0
MN-17,0.0,0.0,0.0
MN-17,0.0,0.0,0.0
MN-17,0.0,0.0,0.0
MN-17,0.0,0.0,0.0
MN-17,0.0,0.0,0.0
MN-17,0.0,0.0,0.0
MN-17,0.0,0.0,0.0
MN-17,0.0,0.0,0.0
MN-17,0.0,0.0,0.0
MN-17,0.0,0.0,0.0
MN-17,0.0,0.0,0.0
MN-17,0.0,0.0,0.0
MN-17,0.0,0.0,0.0
MN-17,0.0,0.0,0.0
MN-17,0.0,0.0,0.0
MN-17,0.0,0.0,0.0
MN-17,0.0,0.0,0.0
MN-17,0.0,0.0,0.0
MN-17,0.0,0.0,0.0
MN-17,0.0,0.0,0.0
MN-17,0.0,0.0,0.0
MN-17,0.0,0.0,0.0
MN-17,0.0,0.0,0.0
MN-17,0.0,0.0,0.0
MN-17,0.0,0.0,0.0
MN-17,0.0,0.0,0.0
MN-17,0.0,0.0,0.0
MN-17,0.0,0.0,0.0
MN-17,0.0,0.0,0.0
MN-17,0.0,0.0,0.0
MN-17,0.0,0.0,0.0
MN-17,0.0,0.0,0.0
MN-17,0.0,0.0,0.0
MN-17,0.0,0.0,0.0
MN-17,0.0,0.0,0.0
MN-17,0.0,0.0,0.0
MN-17,0.0,0.0,0.0
MN-17,0.0,0.0,0.0
MN-17,0.0,0.0,0.0
MN-17,0.0,0.0,0.0
MN-17,0.0,0.0,0.0
MN-17,0.0,0.0,0.0
MN-17,0.0,0.0,0.0
MN-17,0.0,0.0,0.0
MN-17,0.0,0.0,0.0
MN-17,0.0,0.0,0.0
MN-17,0.0,0.0,0.0
MN-17,0.0,0.0,0.0
MN-17,0.0,0.0,0.0
MN-17,0.0,0.0,0.0
MN-17,0.0,0.0,0.0
MN-17,0.0,0.0,0.0
MN-17,0.0,0.0,0.0
MN-17,0.0,0.0,0.0
MN-17,0.0,0.0,0.0
MN-17,0.0,0.0,0.0
MN-17,0.0,0.0,0.0
MN-17,0.0,0.0,0.0
MN-17,0.0,0.0,0.0
MN-17,0.0,0.0,0.0
MN-17,0.0,0.0,0.0
MN-17,0.0,0.0,0.0
MN-17,0.0,0.0,0.0
MN-17,0.0,0.0,0.0
MN-17,0.0,0.0,0.0
MN-17,0.0,0.0,0.0
MN-17,0.0,0.0,0.0
MN-17,0.0,0.0,0.0
MN-17,0.0,0.0,0.0
MN-17,0.0,0.0,0.0
MN-17,0.0,0.0,0.0
MN-17,0.0,0.0,0.0
MN-17,0.0,0.0,0.0
MN-17,0.0,0.0,0.0
MN-17,0.0,0.0,0.0
MN-18,0.0,0.0,0.0
MN-18,0.0,0.0,0.0
MN-18,0.0,0.0,0.0
MN-18,0.0,0.0,0.0
MN-18,0.0,0.0,0.0
MN-18,0.0,0.0,0.0
MN-18,0.0,0.0,0.0
MN-18,0.0,0.0,0.0
MN-18,0.0,0.0,0.0
MN-18,0.0,0.0,0.0
MN-18,0.0,0.0,0.0
MN-18,0.0,0.0,0.0
MN-18,0.0,0.0,0.0
MN-18,0.0,0.0,0.0
MN-18,0.0,0.0,0.0
MN-18,0.0,0.0,0.0
MN-18,0.0,0.0,0.0
MN-18,0.0,0.0,0.0
MN-18,0.0,0.0,0.0
MN-18,0.0,0.0,0.0
MN-18,0.0,0.0,0.0
MN-18,0.0,0.0,0.0
MN-18,0.0,0.0,0.0
MN-18,0.0,0.0,0.0
MN-18,0.0,0.0,0.0
MN-18,0.0,0.0,0.0
MN-18,0.0,0.0,0.0
MN-18,0.0,0.0,0.0
MN-18,0.0,0.0,0.0
MN-18,0.0,0.0,0.0
MN-18,0.0,0.0,0.0
MN-18,0.0,0.0,0.0
MN-18,0.0,0.0,0.0
MN-18,0.0,0.0,0.0
MN-18,0.0,0.0,0.0
MN-18,0.0,0.0,0.0
MN-18,0.0,0.0,0.0
MN-18,0.0,0.0,0.0
MN-18,0.0,0.0,0.0
MN-18,0.0,0.0,0.0
MN-18,0.0,0.0,0.0
MN-18,0.0,0.0,0.0
MN-18,0.0,0.0,0.0
MN-18,0.0,0.0,0.0
MN-18,0.0,0.0,0.0
MN-18,0.0,0.0,0.0
MN-18,0.0,0.0,0.0
MN-18,0.0,0.0,0.0
MN-18,0.0,0.0,0.0
MN-18,0.0,0.0,0.0
MN-18,0.0,0.0,0.0
MN-18,0.0,0.0,0.0
MN-18,0.0,0.0,0.0
MN-18,0.0,0.0,0.0
MN-18,0.0,0.0,0.0
MN-18,0.0,0.0,0.0
MN-18,0.0,0.0,0.0
MN-18,0.0,0.0,0.0
MN-18,0.0,0.0,0.0
MN-18,0.0,0.0,0.0
MN-18,0.0,0.0,0.0
MN-18,0.0,0.0,0.0
MN-18,0.0,0.0,0.0
MN-18,0.0,0.0,0.0
MN-18,0.0,0.0,0.0
MN-18,0.0,0.0,0.0
MN-18,0.0,0.0,0.0
MN-18,0.0,0.0,0.0
MN-18,0.0,0.0,0.0
MN-18,0.0,0.0,0.0
MN-18,0.0,0.0,0.0
MN-18,0.0,0.0,0.0
MN-18,0.0,0.0,0.0
MN-18,0.0,0.0,0.0
MN-18,0.0,0.0,0.0
MN-18,0.0,0.0,0.0
MN-18,0.0,0.0,0.0
MN-18,0.0,0.0,0.0
MN-18,0.0,0.0,0.0
MN-18,0.0,0.0,0.0
MN-18,0.0,0.0,0.0
MN-18,0.0,0.0,0.0
MN-18,0.0,0.0,0.0
MN-18,0.0,0.0,0.0
MN-18,0.0,0.0,0.0
MN-19,0.0,0.0,0.0
MN-19,0.0,0.0,0.0
MN-19,0.0,0.0,0.0
MN-19,0.0,0.0,0.0
MN-19,0.0,0.0,0.0
MN-19,0.0,0.0,0.0
MN-19,0.0,0.0,0.0
MN-19,0.0,0.0,0.0
MN-19,0.0,0.0,0.0
MN-19,0.0,0.0,0.0
MN-19,0.0,0.0,0.0
MN-19,0.0,0.0,0.0
MN-19,0.0,0.0,0.0
MN-19,0.0,0.0,0.0
MN-19,0.0,0.0,0.0
MN-19,0.0,0.0,0.0
MN-19,0.0,0.0,0.0
MN-19,0.0,0.0,0.0
MN-19,0.0,0.0,0.0
MN-19,0.0,0.0,0.0
MN-19,0.0,0.0,0.0
MN-19,0.0,0.0,0.0
MN-19,0.0,0.0,0.0
MN-19,0.0,0.0,0.0
MN-19,0.0,0.0,0.0
MN-19,0.0,0.0,0.0
MN-19,0.0,0.0,0.0
MN-19,0.0,0.0,0.0
MN-19,0.0,0.0,0.0
MN-19,0.0,0.0,0.0
MN-19,0.0,0.0,0.0
MN-19,0.0,0.0,0.0
MN-19,0.0,0.0,0.0
MN-19,0.0,0.0,0.0
MN-19,0.0,0.0,0.0
MN-19,0.0,0.0,0.0
MN-19,0.0,0.0,0.0
MN-19,0.0,0.0,0.0
MN-19,0.0,0.0,0.0
MN-19,0.0,0.0,0.0
MN-19,0.0,0.0,0.0
MN-19,0.0,0.0,0.0
MN-19,0.0,0.0,0.0
MN-19,0.0,0.0,0.0
MN-19,0.0,0.0,0.0
MN-19,0.0,0.0,0.0
MN-19,0.0,0.0,0.0
MN-19,0.0,0.0,0.0
MN-19,0.0,0.0,0.0
MN-19,0.0,0.0,0.0
MN-19,0.0,0.0,0.0
MN-19,0.0,0.0,0.0
MN-19,0.0,0.0,0.0
MN-19,0.0,0.0,0.0
MN-19,0.0,0.0,0.0
MN-19,0.0,0.0,0.0
MN-19,0.0,0.0,0.0
MN-19,0.0,0.0,0.0
MN-19,0.0,0.0,0.0
MN-19,0.0,0.0,0.0
MN-19,0.0,0.0,0.0
MN-19,0.0,0.0,0.0
MN-19,0.0,0.0,0.0
MN-19,0.0,0.0,0.0
MN-19,0.0,0.0,0.0
MN-19,0.0,0.0,0.0
MN-19,0.0,0.0,0.0
MN-19,0.0,0.0,0.0
MN-19,0.0,0.0,0.0
MN-19,0.0,0.0,0.0
MN-19,0.0,0.0,0.0
MN-19,0.0,0.0,0.0
MN-19,0.0,0.0,0.0
MN-19,0.0,0.0,0.0
MN-19,0.0,0.0,0.0
MN-19,0.0,0.0,0.0
MN-19,0.0,0.0,0.0
MN-19,0.0,0.0,0.0
MN-19,0.0,0.0,0.0
MN-19,0.0,0.0,0.0
MN-19,0.0,0.0,0.0
MN-19,0.0,0.0,0.0
MN-19,0.0,0.0,0.0
MN-19,0.0,0.0,0.0
MN-19,0.0,0.0,0.0
MN-19,0.0,0.0,0.0
MN-19,0.0,0.0,0.0
MN-19,0.0,0.0,0.0
MN-19,0.0,0.0,0.0
MN-19,0.0,0.0,0.0
MN-19,0.0,0.0,0.0
MN-19,0.0,0.0,0.0
MN-19,0.0,0.0,0.0
MN-19,0.0,0.0,0.0
MN-19,0.0,0.0,0.0
MN-19,0.0,0.0,0.0
MN-19,0.0,0.0,0.0
MN-19,0.0,0.0,0.0
MN-19,0.0,0.0,0.0
MN-19,0.0,0.0,0.0
MN-19,0.0,0.0,0.0
MN-19,0.0,0.0,0.0
MN-19,0.0,0.0,0.0
MN-19,0.0,0.0,0.0
MN-19,0.0,0.0,0.0
MN-19,0.0,0.0,0.0
MN-19,0.0,0.0,0.0
MN-19,0.0,0.0,0.0
MN-19,0.0,0.0,0.0
MN-19,0.0,0.0,0.0
MN-19,0.0,0.0,0.0
MN-19,0.0,0.0,0.0
MN-19,0.0,0.0,0.0
MN-19,0.0,0.0,0.0
MN-19,0.0,0.0,0.0
MN-19,0.0,0.0,0.0
MN-19,0.0,0.0,0.0
MN-19,0.0,0.0,0.0
MN-19,0.0,0.0,0.0
MN-19,0.0,0.0,0.0
MN-19,0.0,0.0,0.0
MN-19,0.0,0.0,0.0
MN-19,0.0,0.0,0.0
MN-19,0.0,0.0,0.0
MN-19,0.0,0.0,0.0
MN-19,0.0,0.0,0.0
MN-19,0.0,0.0,0.0
MN-19,0.0,0.0,0.0
MN-19,0.0,0.0,0.0
MN-19,0.0,0.0,0.0
MN-19,0.0,0.0,0.0
MN-19,0.0,0.0,0.0
MN-19,0.0,0.0,0.0
MN-19,0.0,0.0,0.0
MN-19,0.0,0.0,0.0
MN-19,0.0,0.0,0.0
MN-19,0.0,0.0,0.0
MN-19,0.0,0.0,0.0
MN-19,0.0,0.0,0.0
MN-19,0.0,0.0,0.0
MN-19,0.0,0.0,0.0
MN-20,0.0,0.0,0.0
MN-20,0.0,0.0,0.0
MN-20,0.0,0.0,0.0
MN-20,0.0,0.0,0.0
MN-20,0.0,0.0,0.0
MN-20,0.0,0.0,0.0
MN-20,0.0,0.0,0.0
MN-20,0.0,0.0,0.0
MN-20,0.0,0.0,0.0
MN-20,0.0,0.0,0.0
MN-20,0.0,0.0,0.0
MN-20,0.0,0.0,0.0
MN-20,0.0,0.0,0.0
MN-20,0.0,0.0,0.0
MN-20,0.0,0.0,0.0
MN-20,0.0,0.0,0.0
MN-20,0.0,0.0,0.0
MN-20,0.0,0.0,0.0
MN-20,0.0,0.0,0.0
MN-20,0.0,0.0,0.0
MN-20,0.0,0.0,0.0
MN-20,0.0,0.0,0.0
MN-20,0.0,0.0,0.0
MN-20,0.0,0.0,0.0
MN-20,0.0,0.0,0.0
MN-20,0.0,0.0,0.0
MN-20,0.0,0.0,0.0
MN-20,0.0,0.0,0.0
MN-20,0.0,0.0,0.0
MN-20,0.0,0.0,0.0
MN-20,0.0,0.0,0.0
MN-20,0.0,0.0,0.0
MN-20,0.0,0.0,0.0
MN-20,0.0,0.0,0.0
MN-20,0.0,0.0,0.0
MN-20,0.0,0.0,0.0
MN-20,0.0,0.0,0.0
MN-20,0.0,0.0,0.0
MN-20,0.0,0.0,0.0
MN-20,0.0,0.0,0.0
MN-20,0.0,0.0,0.0
MN-20,0.0,0.0,0.0
MN-20,0.0,0.0,0.0
MN-20,0.0,0.0,0.0
MN-20,0.0,0.0,0.0
MN-20,0.0,0.0,0.0
MN-20,0.0,0.0,0.0
MN-20,0.0,0.0,0.0
MN-20,0.0,0.0,0.0
MN-20,0.0,0.0,0.0
MN-20,0.0,0.0,0.0
MN-20,0.0,0.0,0.0
MN-20,0.0,0.0,0.0
MN-20,0.0,0.0,0.0
MN-20,0.0,0.0,0.0
MN-20,0.0,0.0,0.0
MN-20,0.0,0.0,0.0
MN-20,0.0,0.0,0.0
MN-20,0.0,0.0,0.0
MN-20,0.0,0.0,0.0
MN-20,0.0,0.0,0.0
MN-20,0.0,0.0,0.0
MN-20,0.0,0.0,0.0
MN-20,0.0,0.0,0.0
MN-20,0.0,0.0,0.0
MN-20,0.0,0.0,0.0
MN-20,0.0,0.0,0.0
MN-20,0.0,0.0,0.0
MN-20,0.0,0.0,0.0
MN-20,0.0,0.0,0.0
MN-20,0.0,0.0,0.0
MN-20,0.0,0.0,0.0
MN-20,0.0,0.0,0.0
MN-20,0.0,0.0,0.0
MN-20,0.0,0.0,0.0
MN-20,0.0,0.0,0.0
MN-20,0.0,0.0,0.0
MN-20,0.0,0.0,0.0
MN-20,0.0,0.0,0.0
MN-20,0.0,0.0,0.0
MN-20,0.0,0.0,0.0
MN-20,0.0,0.0,0.0
MN-20,0.0,0.0,0.0
MN-20,0.0,0.0,0.0
MN-20,0.0,0.0,0.0
MN-20,0.0,0.0,0.0
MN-20,0.0,0.0,0.0
MN-20,0.0,0.0,0.0
MN-20,0.0,0.0,0.0
MN-20,0.0,0.0,0.0
MN-20,0.0,0.0,0.0
MN-20,0.0,0.0,0.0
MN-20,0.0,0.0,0.0
MN-20,0.0,0.0,0.0
MN-20,0.0,0.0,0.0
MN-20,0.0,0.0,0.0
MN-20,0.0,0.0,0.0
MN-20,0.0,0.0,0.0
MN-20,0.0,0.0,0.0
MN-20,0.0,0.0,0.0
MN-20,0.0,0.0,0.0
MN-20,0.0,0.0,0.0
MN-20,0.0,0.0,0.0
MN-20,0.0,0.0,0.0
MN-20,0.0,0.0,0.0
MN-20,0.0,0.0,0.0
MN-20,0.0,0.0,0.0
MN-20,0.0,0.0,0.0
MN-20,0.0,0.0,0.0
MN-20,0.0,0.0,0.0
MN-20,0.0,0.0,0.0
MN-20,0.0,0.0,0.0
MN-20,0.0,0.0,0.0
MN-20,0.0,0.0,0.0
MN-20,0.0,0.0,0.0
MN-20,0.0,0.0,0.0
MN-20,0.0,0.0,0.0
MN-20,0.0,0.0,0.0
MN-20,0.0,0.0,0.0
MN-20,0.0,0.0,0.0
MN-20,0.0,0.0,0.0
MN-20,0.0,0.0,0.0
MN-20,0.0,0.0,0.0
MN-20,0.0,0.0,0.0
MN-20,0.0,0.0,0.0
MN-20,0.0,0.0,0.0
MN-20,0.0,0.0,0.0
MN-20,0.0,0.0,0.0
MN-20,0.0,0.0,0.0
MN-20,0.0,0.0,0.0
MN-20,0.0,0.0,0.0
MN-20,0.0,0.0,0.0
MN-20,0.0,0.0,0.0
MN-20,0.0,0.0,0.0
MN-20,0.0,0.0,0.0
MN-20,0.0,0.0,0.0
MN-20,0.0,0.0,0.0
MN-20,0.0,0.0,0.0
MN-21,0.0,0.0,0.0
MN-21,0.0,0.0,0.0
MN-21,0.0,0.0,0.0
MN-21,0.0,0.0,0.0
MN-21,0.0,0.0,0.0
MN-21,0.0,0.0,0.0
MN-21,0.0,0.0,0.0
MN-21,0.0,0.0,0.0
MN-21,0.0,0.0,0.0
MN-21,0.0,0.0,0.0
MN-21,0.0,0.0,0.0
MN-21,0.0,0.0,0.0
MN-21,0.0,0.0,0.0
MN-21,0.0,0.0,0.0
MN-21,0.0,0.0,0.0
MN-21,0.0,0.0,0.0
MN-21,0.0,0.0,0.0
MN-21,0.0,0.0,0.0
MN-21,0.0,0.0,0.0
MN-21,0.0,0.0,0.0
MN-21,0.0,0.0,0.0
MN-21,0.0,0.0,0.0
MN-21,0.0,0.0,0.0
MN-21,0.0,0.0,0.0
MN-21,0.0,0.0,0.0
MN-21,0.0,0.0,0.0
MN-21,0.0,0.0,0.0
MN-21,0.0,0.0,0.0
MN-21,0.0,0.0,0.0
MN-21,0.0,0.0,0.0
MN-21,0.0,0.0,0.0
MN-21,0.0,0.0,0.0
MN-21,0.0,0.0,0.0
MN-21,0.0,0.0,0.0
MN-21,0.0,0.0,0.0
MN-21,0.0,0.0,0.0
MN-21,0.0,0.0,0.0
MN-21,0.0,0.0,0.0
MN-21,0.0,0.0,0.0
MN-21,0.0,0.0,0.0
MN-21,0.0,0.0,0.0
MN-21,0.0,0.0,0.0
MN-21,0.0,0.0,0.0
MN-21,0.0,0.0,0.0
MN-21,0.0,0.0,0.0
MN-21,0.0,0.0,0.0
MN-21,0.0,0.0,0.0
MN-21,0.0,0.0,0.0
MN-21,0.0,0.0,0.0
MN-21,0.0,0.0,0.0
MN-21,0.0,0.0,0.0
MN-21,0.0,0.0,0.0
MN-21,0.0,0.0,0.0
MN-21,0.0,0.0,0.0
MN-21,0.0,0.0,0.0
MN-21,0.0,0.0,0.0
MN-21,0.0,0.0,0.0
MN-21,0.0,0.0,0.0
MN-21,0.0,0.0,0.0
MN-21,0.0,0.0,0.0
MN-21,0.0,0.0,0.0
MN-21,0.0,0.0,0.0
MN-21,0.0,0.0,0.0
MN-21,0.0,0.0,0.0
MN-21,0.0,0.0,0.0
MN-21,0.0,0.0,0.0
MN-21,0.0,0.0,0.0
MN-21,0.0,0.0,0.0
MN-21,0.0,0.0,0.0
MN-21,0.0,0.0,0.0
MN-21,0.0,0.0,0.0
MN-21,0.0,0.0,0.0
MN-21,0.0,0.0,0.0
MN-21,0.0,0.0,0.0
MN-21,0.0,0.0,0.0
MN-21,0.0,0.0,0.0
MN-21,0.0,0.0,0.0
MN-21,0.0,0.0,0.0
MN-21,0.0,0.0,0.0
MN-21,0.0,0.0,0.0
MN-21,0.0,0.0,0.0
MN-21,0.0,0.0,0.0
MN-21,0.0,0.0,0.0
MN-21,0.0,0.0,0.0
MN-21,0.0,0.0,0.0
MN-21,0.0,0.0,0.0
MN-21,0.0,0.0,0.0
MN-22,0.0,0.0,0.0
MN-22,0.0,0.0,0.0
MN-22,0.0,0.0,0.0
MN-22,0.0,0.0,0.0
MN-22,0.0,0.0,0.0
MN-22,0.0,0.0,0.0
MN-22,0.0,0.0,0.0
MN-22,0.0,0.0,0.0
MN-22,0.0,0.0,0.0
MN-22,0.0,0.0,0.0
MN-22,0.0,0.0,0.0
MN-22,0.0,0.0,0.0
MN-22,0.0,0.0,0.0
MN-22,0.0,0.0,0.0
MN-22,0.0,0.0,0.0
MN-22,0.0,0.0,0.0
MN-22,0.0,0.0,0.0
MN-22,0.0,0.0,0.0
MN-22,0.0,0.0,0.0
MN-22,0.0,0.0,0.0
MN-22,0.0,0.0,0.0
MN-22,0.0,0.0,0.0
MN-22,0.0,0.0,0.0
MN-22,0.0,0.0,0.0
MN-22,0.0,0.0,0.0
MN-22,0.0,0.0,0.0
MN-22,0.0,0.0,0.0
MN-22,0.0,0.0,0.0
MN-22,0.0,0.0,0.0
MN-22,0.0,0.0,0.0
MN-22,0.0,0.0,0.0
MN-22,0.0,0.0,0.0
MN-22,0.0,0.0,0.0
MN-22,0.0,0.0,0.0
MN-22,0.0,0.0,0.0
MN-22,0.0,0.0,0.0
MN-22,0.0,0.0,0.0
MN-22,0.0,0.0,0.0
MN-22,0.0,0.0,0.0
MN-22,0.0,0.0,0.0
MN-22,0.0,0.0,0.0
MN-22,0.0,0.0,0.0
MN-22,0.0,0.0,0.0
MN-22,0.0,0.0,0.0
MN-22,0.0,0.0,0.0
MN-22,0.0,0.0,0.0
MN-22,0.0,0.0,0.0
MN-22,0.0,0.0,0.0
MN-22,0.0,0.0,0.0
MN-22,0.0,0.0,0.0
MN-22,0.0,0.0,0.0
MN-22,0.0,0.0,0.0
MN-22,0.0,0.0,0.0
MN-22,0.0,0.0,0.0
MN-22,0.0,0.0,0.0
MN-22,0.0,0.0,0.0
MN-22,0.0,0.0,0.0
MN-22,0.0,0.0,0.0
MN-22,0.0,0.0,0.0
MN-22,0.0,0.0,0.0
MN-22,0.0,0.0,0.0
MN-22,0.0,0.0,0.0
MN-22,0.0,0.0,0.0
MN-22,0.0,0.0,0.0
MN-22,0.0,0.0,0.0
MN-22,0.0,0.0,0.0
MN-22,0.0,0.0,0.0
MN-22,0.0,0.0,0.0
MN-22,0.0,0.0,0.0
MN-22,0.0,0.0,0.0
MN-22,0.0,0.0,0.0
MN-22,0.0,0.0,0.0
MN-22,0.0,0.0,0.0
MN-22,0.0,0.0,0.0
MN-22,0.0,0.0,0.0
MN-22,0.0,0.0,0.0
MN-22,0.0,0.0,0.0
MN-22,0.0,0.0,0.0
MN-22,0.0,0.0,0.0
MN-22,0.0,0.0,0.0
MN-22,0.0,0.0,0.0
MN-22,0.0,0.0,0.0
MN-22,0.0,0.0,0.0
MN-22,0.0,0.0,0.0
MN-22,0.0,0.0,0.0
MN-22,0.0,0.0,0.0
MN-22,0.0,0.0,0.0
MN-22,0.0,0.0,0.0
MN-22,0.0,0.0,0.0
MN-23,0.0,0.0,0.0
MN-23,0.0,0.0,0.0
MN-23,0.0,0.0,0.0
MN-23,0.0,0.0,0.0
MN-23,0.0,0.0,0.0
MN-23,0.0,0.0,0.0
MN-23,0.0,0.0,0.0
MN-23,0.0,0.0,0.0
MN-23,0.0,0.0,0.0
MN-23,0.0,0.0,0.0
MN-23,0.0,0.0,0.0
MN-23,0.0,0.0,0.0
MN-23,0.0,0.0,0.0
MN-23,0.0,0.0,0.0
MN-23,0.0,0.0,0.0
MN-23,0.0,0.0,0.0
MN-23,0.0,0.0,0.0
MN-23,0.0,0.0,0.0
MN-23,0.0,0.0,0.0
MN-23,0.0,0.0,0.0
MN-23,0.0,0.0,0.0
MN-23,0.0,0.0,0.0
MN-23,0.0,0.0,0.0
MN-23,0.0,0.0,0.0
MN-23,0.0,0.0,0.0
MN-23,0.0,0.0,0.0
MN-23,0.0,0.0,0.0
MN-23,0.0,0.0,0.0
MN-23,0.0,0.0,0.0
MN-23,0.0,0.0,0.0
MN-23,0.0,0.0,0.0
MN-23,0.0,0.0,0.0
MN-23,0.0,0.0,0.0
MN-23,0.0,0.0,0.0
MN-23,0.0,0.0,0.0
MN-23,0.0,0.0,0.0
MN-23,0.0,0.0,0.0
MN-23,0.0,0.0,0.0
MN-23,0.0,0.0,0.0
MN-23,0.0,0.0,0.0
MN-23,0.0,0.0,0.0
MN-23,0.0,0.0,0.0
MN-23,0.0,0.0,0.0
MN-23,0.0,0.0,0.0
MN-23,0.0,0.0,0.0
MN-23,0.0,0.0,0.0
MN-23,0.0,0.0,0.0
MN-23,0.0,0.0,0.0
MN-23,0.0,0.0,0.0
MN-23,0.0,0.0,0.0
MN-23,0.0,0.0,0.0
MN-23,0.0,0.0,0.0
MN-23,0.0,0.0,0.0
MN-23,0.0,0.0,0.0
MN-23,0.0,0.0,0.0
MN-23,0.0,0.0,0.0
MN-23,0.0,0.0,0.0
MN-23,0.0,0.0,0.0
MN-23,0.0,0.0,0.0
MN-23,0.0,0.0,0.0
MN-23,0.0,0.0,0.0
MN-23,0.0,0.0,0.0
MN-23,0.0,0.0,0.0
MN-23,0.0,0.0,0.0
MN-23,0.0,0.0,0.0
MN-23,0.0,0.0,0.0
MN-23,0.0,0.0,0.0
MN-23,0.0,0.0,0.0
MN-23,0.0,0.0,0.0
MN-23,0.0,0.0,0.0
MN-23,0.0,0.0,0.0
MN-23,0.0,0.0,0.0
MN-23,0.0,0.0,0.0
MN-23,0.0,0.0,0.0
MN-23,0.0,0.0,0.0
MN-23,0.0,0.0,0.0
MN-23,0.0,0.0,0.0
MN-23,0.0,0.0,0.0
MN-23,0.0,0.0,0.0
MN-23,0.0,0.0,0.0
MN-23,0.0,0.0,0.0
MN-23,0.0,0.0,0.0
MN-23,0.0,0.0,0.0
MN-23,0.0,0.0,0.0
MN-23,0.0,0.0,0.0
MN-23,0.0,0.0,0.0
MN-23,0.0,0.0,0.0
MN-23,0.0,0.0,0.0
MN-23,0.0,0.0,0.0
MN-23,0.0,0.0,0.0
MN-23,0.0,0.0,0.0
MN-23,0.0,0.0,0.0
MN-23,0.0,0.0,0.0
MN-23,0.0,0.0,0.0
MN-23,0.0,0.0,0.0
MN-23,0.0,0.0,0.0
MN-23,0.0,0.0,0.0
MN-24,0.0,0.0,0.0
MN-24,0.0,0.0,0.0
MN-24,0.0,0.0,0.0
MN-24,0.0,0.0,0.0
MN-24,0.0,0.0,0.0
MN-24,0.0,0.0,0.0
MN-24,0.0,0.0,0.0
MN-24,0.0,0.0,0.0
MN-24,0.0,0.0,0.0
MN-24,0.0,0.0,0.0
MN-24,0.0,0.0,0.0
MN-24,0.0,0.0,0.0
MN-24,0.0,0.0,0.0
MN-24,0.0,0.0,0.0
MN-24,0.0,0.0,0.0
MN-24,0.0,0.0,0.0
MN-24,0.0,0.0,0.0
MN-24,0.0,0.0,0.0
MN-24,0.0,0.0,0.0
MN-24,0.0,0.0,0.0
MN-24,0.0,0.0,0.0
MN-24,0.0,0.0,0.0
MN-24,0.0,0.0,0.0
MN-24,0.0,0.0,0.0
MN-24,0.0,0.0,0.0
MN-24,0.0,0.0,0.0
MN-24,0.0,0.0,0.0
MN-24,0.0,0.0,0.0
MN-24,0.0,0.0,0.0
MN-24,0.0,0.0,0.0
MN-24,0.0,0.0,0.0
MN-24,0.0,0.0,0.0
MN-24,0.0,0.0,0.0
MN-24,0.0,0.0,0.0
MN-24,0.0,0.0,0.0
MN-24,0.0,0.0,0.0
MN-24,0.0,0.0,0.0
MN-24,0.0,0.0,0.0
MN-24,0.0,0.0,0.0
MN-24,0.0,0.0,0.0
MN-24,0.0,0.0,0.0
MN-24,0.0,0.0,0.0
MN-24,0.0,0.0,0.0
MN-24,0.0,0.0,0.0
MN-24,0.0,0.0,0.0
MN-24,0.0,0.0,0.0
MN-24,0.0,0.0,0.0
MN-24,0.0,0.0,0.0
MN-24,0.0,0.0,0.0
MN-24,0.0,0.0,0.0
MN-24,0.0,0.0,0.0
MN-24,0.0,0.0,0.0
MN-24,0.0,0.0,0.0
MN-24,0.0,0.0,0.0
MN-24,0.0,0.0,0.0
MN-24,0.0,0.0,0.0
MN-24,0.0,0.0,0.0
MN-24,0.0,0.0,0.0
MN-24,0.0,0.0,0.0
MN-24,0.0,0.0,0.0
MN-24,0.0,0.0,0.0
MN-24,0.0,0.0,0.0
MN-24,0.0,0.0,0.0
MN-24,0.0,0.0,0.0
MN-24,0.0,0.0,0.0
MN-24,0.0,0.0,0.0
MN-24,0.0,0.0,0.0
MN-24,0.0,0.0,0.0
MN-24,0.0,0.0,0.0
MN-24,0.0,0.0,0.0
MN-24,0.0,0.0,0.0
MN-24,0.0,0.0,0.0
MN-24,0.0,0.0,0.0
MN-24,0.0,0.0,0.0
MN-24,0.0,0.0,0.0
MN-24,0.0,0.0,0.0
MN-24,0.0,0.0,0.0
MN-24,0.0,0.0,0.0
MN-24,0.0,0.0,0.0
MN-24,0.0,0.0,0.0
MN-24,0.0,0.0,0.0
MN-24,0.0,0.0,0.0
MN-24,0.0,0.0,0.0
MN-24,0.0,0.0,0.0
MN-24,0.0,0.0,0.0
MN-24,0.0,0.0,0.0
MN-24,0.0,0.0,0.0
MN-24,0.0,0.0,0.0
MN-24,0.0,0.0,0.0
MN-24,0.0,0.0,0.0
MN-24,0.0,0.0,0.0
MN-24,0.0,0.0,0.0
MN-24,0.0,0.0,0.0
MN-24,0.0,0.0,0.0
MN-24,0.0,0.0,0.0
MN-24,0.0,0.0,0.0
MN-24,0.0,0.0,0.0
MN-25,0.0,0.0,0.0
MN-25,0.0,0.0,0.0
MN-25,0.0,0.0,0.0
MN-25,0.0,0.0,0.0
MN-25,0.0,0.0,0.0
MN-25,0.0,0.0,0.0
MN-25,0.0,0.0,0.0
MN-25,0.0,0.0,0.0
MN-25,0.0,0.0,0.0
MN-25,0.0,0.0,0.0
MN-25,0.0,0.0,0.0
MN-25,0.0,0.0,0.0
MN-25,0.0,0.0,0.0
MN-25,0.0,0.0,0.0
MN-25,0.0,0.0,0.0
MN-25,0.0,0.0,0.0
MN-25,0.0,0.0,0.0
MN-25,0.0,0.0,0.0
MN-25,0.0,0.0,0.0
MN-25,0.0,0.0,0.0
MN-25,0.0,0.0,0.0
MN-25,0.0,0.0,0.0
MN-25,0.0,0.0,0.0
MN-25,0.0,0.0,0.0
MN-25,0.0,0.0,0.0
MN-25,0.0,0.0,0.0
MN-25,0.0,0.0,0.0
MN-25,0.0,0.0,0.0
MN-25,0.0,0.0,0.0
MN-25,0.0,0.0,0.0
MN-25,0.0,0.0,0.0
MN-25,0.0,0.0,0.0
MN-25,0.0,0.0,0.0
MN-25,0.0,0.0,0.0
MN-25,0.0,0.0,0.0
MN-25,0.0,0.0,0.0
MN-25,0.0,0.0,0.0
MN-25,0.0,0.0,0.0
MN-25,0.0,0.0,0.0
MN-25,0.0,0.0,0.0
MN-25,0.0,0.0,0.0
MN-25,0.0,0.0,0.0
MN-25,0.0,0.0,0.0
MN-25,0.0,0.0,0.0
MN-25,0.0,0.0,0.0
MN-25,0.0,0.0,0.0
MN-25,0.0,0.0,0.0
MN-25,0.0,0.0,0.0
MN-25,0.0,0.0,0.0
MN-25,0.0,0.0,0.0
MN-25,0.0,0.0,0.0
MN-25,0.0,0.0,0.0
MN-25,0.0,0.0,0.0
MN-25,0.0,0.0,0.0
MN-25,0.0,0.0,0.0
MN-25,0.0,0.0,0.0
MN-25,0.0,0.0,0.0
MN-25,0.0,0.0,0.0
MN-25,0.0,0.0,0.0
MN-25,0.0,0.0,0.0
MN-25,0.0,0.0,0.0
MN-25,0.0,0.0,0.0
MN-25,0.0,0.0,0.0
MN-25,0.0,0.0,0.0
MN-25,0.0,0.0,0.0
MN-25,0.0,0.0,0.0
MN-25,0.0,0.0,0.0
MN-25,0.0,0.0,0.0
MN-25,0.0,0.0,0.0
MN-25,0.0,0.0,0.0
MN-25,0.0,0.0,0.0
MN-25,0.0,0.0,0.0
MN-25,0.0,0.0,0.0
MN-25,0.0,0.0,0.0
MN-25,0.0,0.0,0.0
MN-25,0.0,0.0,0.0
MN-25,0.0,0.0,0.0
MN-25,0.0,0.0,0.0
MN-25,0.0,0.0,0.0
MN-25,0.0,0.0,0.0
MN-25,0.0,0.0,0.0
MN-25,0.0,0.0,0.0
MN-25,0.0,0.0,0.0
MN-25,0.0,0.0,0.0
MN-25,0.0,0.0,0.0
MN-25,0.0,0.0,0.0
MN-25,0.0,0.0,0.0
MN-25,0.0,0.0,0.0
MN-25,0.0,0.0,0.0
MN-25,0.0,0.0,0.0
MN-25,0.0,0.0,0.0
MN-26,0.23,0.35384615384615387,0.36
MN-26,0.23,0.35384615384615387,0.36
MN-26,0.23,0.35384615384615387,0.36
MN-26,0.23,0.35384615384615387,0.36
MN-26,0.23,0.35384615384615387,0.36
MN-26,0.23,0.35384615384615387,0.36
MN-26,0.23,0.35384615384615387,0.36
MN-26,0.23,0.35384615384615387,0.36
MN-26,0.23,0.35384615384615387,0.36
MN-26,0.23,0.35384615384615387,0.36
MN-26,0.23,0.35384615384615387,0.36
MN-26,0.23,0.35384615384615387,0.36
MN-26,0.23,0.35384615384615387,0.36
MN-26,0.23,0.35384615384615387,0.36
MN-26,0.23,0.35384615384615387,0.36
MN-26,0.23,0.35384615384615387,0.36
MN-26,0.23,0.35384615384615387,0.36
MN-26,0.23,0.35384615384615387,0.36
MN-26,0.23,0.35384615384615387,0.36
MN-26,0.23,0.35384615384615387,0.36
MN-26,0.23,0.35384615384615387,0.36
MN-26,0.23,0.35384615384615387,0.36
MN-26,0.23,0.35384615384615387,0.36
MN-26,0.23,0.35384615384615387,0.36
MN-26,0.23,0.35384615384615387,0.36
MN-26,0.23,0.35384615384615387,0.36
MN-26,0.23,0.35384615384615387,0.36
MN-26,0.23,0.35384615384615387,0.36
MN-26,0.23,0.35384615384615387,0.36
MN-26,0.23,0.35384615384615387,0.36
MN-26,0.23,0.35384615384615387,0.36
MN-26,0.23,0.35384615384615387,0.36
MN-26,0.23,0.35384615384615387,0.36
MN-26,0.23,0.35384615384615387,0.36
MN-26,0.23,0.35384615384615387,0.36
MN-26,0.23,0.35384615384615387,0.36
MN-26,0.23,0.35384615384615387,0.36
MN-26,0.23,0.35384615384615387,0.36
MN-26,0.23,0.35384615384615387,0.36
MN-26,0.23,0.35384615384615387,0.36
MN-26,0.23,0.35384615384615387,0.36
MN-26,0.23,0.35384615384615387,0.35
MN-26,0.23,0.35384615384615387,0.36
MN-26,0.23,0.35384615384615387,0.36
MN-26,0.23,0.35384615384615387,0.36
MN-26,0.23,0.35384615384615387,0.36
MN-26,0.23,0.35384615384615387,0.36
MN-26,0.23,0.35384615384615387,0.36
MN-26,0.23,0.35384615384615387,0.36
MN-26,0.23,0.35384615384615387,0.36
MN-26,0.23,0.35384615384615387,0.36
MN-26,0.23,0.35384615384615387,0.36
MN-26,0.23,0.35384615384615387,0.36
MN-26,0.23,0.35384615384615387,0.36
MN-26,0.23,0.35384615384615387,0.36
MN-26,0.23,0.35384615384615387,0.36
MN-26,0.23,0.35384615384615387,0.36
MN-26,0.23,0.35384615384615387,0.36
MN-26,0.23,0.35384615384615387,0.36
MN-26,0.23,0.35384615384615387,0.36
MN-26,0.23,0.35384615384615387,0.36
MN-26,0.23,0.35384615384615387,0.36
MN-26,0.23,0.35384615384615387,0.36
MN-26,0.23,0.35384615384615387,0.36
MN-26,0.23,0.35384615384615387,0.36
MN-26,0.23,0.35384615384615387,0.36
MN-26,0.23,0.35384615384615387,0.36
MN-26,0.23,0.35384615384615387,0.36
MN-26,0.23,0.35384615384615387,0.36
MN-26,0.23,0.35384615384615387,0.36
MN-26,0.23,0.35384615384615387,0.36
MN-26,0.23,0.35384615384615387,0.36
MN-26,0.23,0.35384615384615387,0.36
MN-26,0.23,0.35384615384615387,0.36
MN-26,0.23,0.35384615384615387,0.36
MN-26,0.23,0.35384615384615387,0.36
MN-26,0.23,0.35384615384615387,0.36
MN-26,0.23,0.35384615384615387,0.36
MN-26,0.23,0.35384615384615387,0.36
MN-26,0.23,0.35384615384615387,0.36
MN-26,0.23,0.35384615384615387,0.36
MN-26,0.23,0.35384615384615387,0.36
MN-26,0.23,0.35384615384615387,0.36
MN-26,0.23,0.35384615384615387,0.36
MN-26,0.23,0.35384615384615387,0.36
MN-26,0.23,0.35384615384615387,0.36
MN-26,0.23,0.35384615384615387,0.36
MN-26,0.23,0.35384615384615387,0.36
MN-26,0.23,0.35384615384615387,0.36
MN-26,0.23,0.35384615384615387,0.36
MN-26,0.23,0.35384615384615387,0.36
MN-26,0.23,0.35384615384615387,0.36
MN-27,0.23,0.35384615384615387,0.36
MN-27,0.23,0.35384615384615387,0.36
MN-27,0.23,0.35384615384615387,0.34
MN-27,0.23,0.35384615384615387,0.36
MN-27,0.23,0.35384615384615387,0.36
MN-27,0.23,0.35384615384615387,0.36
MN-27,0.23,0.35384615384615387,0.36
MN-27,0.23,0.35384615384615387,0.36
MN-27,0.23,0.35384615384615387,0.36
MN-27,0.23,0.35384615384615387,0.36
MN-27,0.23,0.35384615384615387,0.36
MN-27,0.23,0.35384615384615387,0.36
MN-27,0.23,0.35384615384615387,0.36
MN-27,0.23,0.35384615384615387,0.36
MN-27,0.23,0.35384615384615387,0.36
MN-27,0.23,0.35384615384615387,0.36
MN-27,0.23,0.35384615384615387,0.36
MN-27,0.23,0.35384615384615387,0.36
MN-27,0.23,0.35384615384615387,0.36
MN-27,0.23,0.35384615384615387,0.36
MN-27,0.23,0.35384615384615387,0.36
MN-27,0.23,0.35384615384615387,0.36
MN-27,0.23,0.35384615384615387,0.36
MN-27,0.23,0.35384615384615387,0.36
MN-27,0.23,0.35384615384615387,0.36
MN-27,0.23,0.35384615384615387,0.36
MN-27,0.23,0.35384615384615387,0.36
MN-27,0.23,0.35384615384615387,0.36
MN-27,0.23,0.35384615384615387,0.36
MN-27,0.23,0.35384615384615387,0.36
MN-27,0.23,0.35384615384615387,0.36
MN-27,0.23,0.35384615384615387,0.36
MN-27,0.23,0.35384615384615387,0.36
MN-27,0.23,0.35384615384615387,0.36
MN-27,0.23,0.35384615384615387,0.36
MN-27,0.23,0.35384615384615387,0.36
MN-27,0.23,0.35384615384615387,0.36
MN-27,0.23,0.35384615384615387,0.36
MN-27,0.23,0.35384615384615387,0.36
MN-27,0.23,0.35384615384615387,0.36
MN-27,0.23,0.35384615384615387,0.36
MN-27,0.23,0.35384615384615387,0.36
MN-27,0.23,0.35384615384615387,0.36
MN-27,0.23,0.35384615384615387,0.36
MN-27,0.23,0.35384615384615387,0.36
MN-27,0.23,0.35384615384615387,0.36
MN-27,0.23,0.35384615384615387,0.36
MN-27,0.23,0.35384615384615387,0.36
MN-27,0.23,0.35384615384615387,0.36
MN-27,0.23,0.35384615384615387,0.36
MN-27,0.23,0.35384615384615387,0.36
MN-27,0.23,0.35384615384615387,0.36
MN-27,0.23,0.35384615384615387,0.36
MN-27,0.23,0.35384615384615387,0.36
MN-27,0.23,0.35384615384615387,0.36
MN-27,0.23,0.35384615384615387,0.36
MN-27,0.23,0.35384615384615387,0.36
MN-27,0.23,0.35384615384615387,0.36
MN-27,0.23,0.35384615384615387,0.36
MN-27,0.23,0.35384615384615387,0.36
MN-27,0.23,0.35384615384615387,0.36
MN-27,0.23,0.35384615384615387,0.36
MN-27,0.23,0.35384615384615387,0.36
MN-27,0.23,0.35384615384615387,0.36
MN-27,0.23,0.35384615384615387,0.36
MN-27,0.23,0.35384615384615387,0.36
MN-27,0.23,0.35384615384615387,0.36
MN-27,0.23,0.35384615384615387,0.36
MN-27,0.23,0.35384615384615387,0.36
MN-27,0.23,0.35384615384615387,0.36
MN-27,0.23,0.35384615384615387,0.36
MN-27,0.23,0.35384615384615387,0.36
MN-27,0.23,0.35384615384615387,0.36
MN-27,0.23,0.35384615384615387,0.34
MN-27,0.23,0.35384615384615387,0.36
MN-27,0.23,0.35384615384615387,0.36
MN-27,0.23,0.35384615384615387,0.36
MN-27,0.23,0.35384615384615387,0.36
MN-27,0.23,0.35384615384615387,0.36
MN-27,0.23,0.35384615384615387,0.36
MN-27,0.23,0.35384615384615387,0.36
MN-27,0.23,0.35384615384615387,0.36
MN-27,0.23,0.35384615384615387,0.36
MN-27,0.23,0.35384615384615387,0.34
MN-27,0.23,0.35384615384615387,0.36
MN-27,0.23,0.35384615384615387,0.36
MN-27,0.23,0.35384615384615387,0.36
MN-28,0.16,0.24615384615384614,0.25
MN-28,0.16,0.24615384615384614,0.25
MN-28,0.16,0.24615384615384614,0.25
MN-28,0.16,0.24615384615384614,0.25
MN-28,0.16,0.24615384615384614,0.25
MN-28,0.16,0.24615384615384614,0.25
MN-28,0.16,0.24615384615384614,0.25
MN-28,0.16,0.24615384615384614,0.25
MN-28,0.16,0.24615384615384614,0.25
MN-28,0.16,0.24615384615384614,0.25
MN-28,0.16,0.24615384615384614,0.25
MN-28,0.16,0.24615384615384614,0.25
MN-28,0.16,0.24615384615384614,0.25
MN-28,0.16,0.24615384615384614,0.25
MN-28,0.16,0.24615384615384614,0.25
MN-28,0.16,0.24615384615384614,0.25
MN-28,0.16,0.24615384615384614,0.25
MN-28,0.16,0.24615384615384614,0.25
MN-28,0.16,0.24615384615384614,0.25
MN-28,0.16,0.24615384615384614,0.25
MN-28,0.16,0.24615384615384614,0.25
MN-28,0.16,0.24615384615384614,0.25
MN-28,0.16,0.24615384615384614,0.25
MN-28,0.16,0.24615384615384614,0.25
MN-28,0.16,0.24615384615384614,0.25
MN-28,0.16,0.24615384615384614,0.25
MN-28,0.16,0.24615384615384614,0.25
MN-28,0.16,0.24615384615384614,0.25
MN-28,0.16,0.24615384615384614,0.25
MN-28,0.16,0.24615384615384614,0.25
MN-28,0.16,0.24615384615384614,0.25
MN-28,0.16,0.24615384615384614,0.25
MN-28,0.16,0.24615384615384614,0.25
MN-28,0.16,0.24615384615384614,0.25
MN-28,0.16,0.24615384615384614,0.25
MN-28,0.16,0.24615384615384614,0.25
MN-28,0.16,0.24615384615384614,0.25
MN-28,0.16,0.24615384615384614,0.25
MN-28,0.16,0.24615384615384614,0.25
MN-28,0.16,0.24615384615384614,0.25
MN-28,0.16,0.24615384615384614,0.25
MN-28,0.16,0.24615384615384614,0.25
MN-28,0.16,0.24615384615384614,0.25
MN-28,0.16,0.24615384615384614,0.25
MN-28,0.16,0.24615384615384614,0.25
MN-28,0.16,0.24615384615384614,0.25
MN-28,0.16,0.24615384615384614,0.25
MN-28,0.16,0.24615384615384614,0.25
MN-28,0.16,0.24615384615384614,0.25
MN-28,0.16,0.24615384615384614,0.25
MN-28,0.16,0.24615384615384614,0.25
MN-28,0.16,0.24615384615384614,0.25
MN-28,0.16,0.24615384615384614,0.25
MN-28,0.16,0.24615384615384614,0.25
MN-28,0.16,0.24615384615384614,0.25
MN-28,0.16,0.24615384615384614,0.25
MN-28,0.16,0.24615384615384614,0.25
MN-28,0.16,0.24615384615384614,0.25
MN-28,0.16,0.24615384615384614,0.25
MN-28,0.16,0.24615384615384614,0.25
MN-28,0.16,0.24615384615384614,0.25
MN-28,0.16,0.24615384615384614,0.25
MN-28,0.16,0.24615384615384614,0.25
MN-28,0.16,0.24615384615384614,0.25
MN-28,0.16,0.24615384615384614,0.25
MN-28,0.16,0.24615384615384614,0.25
MN-28,0.16,0.24615384615384614,0.25
MN-28,0.16,0.24615384615384614,0.25
MN-28,0.16,0.24615384615384614,0.25
MN-28,0.16,0.24615384615384614,0.25
MN-28,0.16,0.24615384615384614,0.25
MN-28,0.16,0.24615384615384614,0.25
MN-28,0.16,0.24615384615384614,0.25
MN-28,0.16,0.24615384615384614,0.25
MN-28,0.16,0.24615384615384614,0.25
MN-28,0.16,0.24615384615384614,0.25
MN-28,0.16,0.24615384615384614,0.25
MN-28,0.16,0.24615384615384614,0.25
MN-28,0.16,0.24615384615384614,0.25
MN-28,0.16,0.24615384615384614,0.25
MN-28,0.16,0.24615384615384614,0.25
MN-28,0.16,0.24615384615384614,0.25
MN-28,0.16,0.24615384615384614,0.25
MN-28,0.16,0.24615384615384614,0.25
MN-28,0.16,0.24615384615384614,0.25
MN-28,0.16,0.24615384615384614,0.25
MN-28,0.16,0.24615384615384614,0.25
MN-28,0.16,0.24615384615384614,0.25
MN-28,0.16,0.24615384615384614,0.25
MN-28,0.16,0.24615384615384614,0.25
MN-28,0.16,0.24615384615384614,0.25
MN-29,0.07,0.1076923076923077,0.11
MN-29,0.07,0.1076923076923077,0.11
MN-29,0.07,0.1076923076923077,0.11
MN-29,0.07,0.1076923076923077,0.11
MN-29,0.07,0.1076923076923077,0.11
MN-29,0.07,0.1076923076923077,0.11
MN-29,0.07,0.1076923076923077,0.11
MN-29,0.07,0.1076923076923077,0.11
MN-29,0.07,0.1076923076923077,0.11
MN-29,0.07,0.1076923076923077,0.11
MN-29,0.07,0.1076923076923077,0.11
MN-29,0.07,0.1076923076923077,0.11
MN-29,0.07,0.1076923076923077,0.11
MN-29,0.07,0.1076923076923077,0.11
MN-29,0.07,0.1076923076923077,0.11
MN-29,0.07,0.1076923076923077,0.11
MN-29,0.07,0.1076923076923077,0.11
MN-29,0.07,0.1076923076923077,0.11
MN-29,0.07,0.1076923076923077,0.11
MN-29,0.07,0.1076923076923077,0.11
MN-29,0.07,0.1076923076923077,0.11
MN-29,0.07,0.1076923076923077,0.11
MN-29,0.07,0.1076923076923077,0.11
MN-29,0.07,0.1076923076923077,0.11
MN-29,0.07,0.1076923076923077,0.11
MN-29,0.07,0.1076923076923077,0.11
MN-29,0.07,0.1076923076923077,0.11
MN-29,0.07,0.1076923076923077,0.11
MN-29,0.07,0.1076923076923077,0.11
MN-29,0.07,0.1076923076923077,0.11
MN-29,0.07,0.1076923076923077,0.11
MN-29,0.07,0.1076923076923077,0.11
MN-29,0.07,0.1076923076923077,0.11
MN-29,0.07,0.1076923076923077,0.11
MN-29,0.07,0.1076923076923077,0.11
MN-29,0.07,0.1076923076923077,0.11
MN-29,0.07,0.1076923076923077,0.11
MN-29,0.07,0.1076923076923077,0.11
MN-29,0.07,0.1076923076923077,0.11
MN-29,0.07,0.1076923076923077,0.11
MN-29,0.07,0.1076923076923077,0.11
MN-29,0.07,0.1076923076923077,0.11
MN-29,0.07,0.1076923076923077,0.11
MN-29,0.07,0.1076923076923077,0.11
MN-29,0.07,0.1076923076923077,0.11
MN-29,0.07,0.1076923076923077,0.11
MN-29,0.07,0.1076923076923077,0.11
MN-29,0.07,0.1076923076923077,0.11
MN-29,0.07,0.1076923076923077,0.11
MN-29,0.07,0.1076923076923077,0.11
MN-29,0.07,0.1076923076923077,0.11
MN-29,0.07,0.1076923076923077,0.11
MN-29,0.07,0.1076923076923077,0.11
MN-29,0.07,0.1076923076923077,0.11
MN-29,0.07,0.1076923076923077,0.11
MN-29,0.07,0.1076923076923077,0.11
MN-29,0.07,0.1076923076923077,0.11
MN-29,0.07,0.1076923076923077,0.11
MN-29,0.07,0.1076923076923077,0.11
MN-29,0.07,0.1076923076923077,0.11
MN-29,0.07,0.1076923076923077,0.11
MN-29,0.07,0.1076923076923077,0.11
MN-29,0.07,0.1076923076923077,0.11
MN-29,0.07,0.1076923076923077,0.11
MN-29,0.07,0.1076923076923077,0.11
MN-29,0.07,0.1076923076923077,0.11
MN-29,0.07,0.1076923076923077,0.11
MN-29,0.07,0.1076923076923077,0.11
MN-29,0.07,0.1076923076923077,0.11
MN-29,0.07,0.1076923076923077,0.11
MN-29,0.07,0.1076923076923077,0.11
MN-29,0.07,0.1076923076923077,0.11
MN-29,0.07,0.1076923076923077,0.11
MN-29,0.07,0.1076923076923077,0.11
MN-29,0.07,0.1076923076923077,0.11
MN-29,0.07,0.1076923076923077,0.11
MN-29,0.07,0.1076923076923077,0.11
MN-29,0.07,0.1076923076923077,0.11
MN-29,0.07,0.1076923076923077,0.11
MN-29,0.07,0.1076923076923077,0.11
MN-29,0.07,0.1076923076923077,0.11
MN-29,0.07,0.1076923076923077,0.11
MN-29,0.07,0.1076923076923077,0.11
MN-29,0.07,0.1076923076923077,0.11
MN-29,0.07,0.1076923076923077,0.11
MN-29,0.07,0.1076923076923077,0.11
MN-29,0.07,0.1076923076923077,0.11
MN-29,0.07,0.1076923076923077,0.11
MN-29,0.07,0.1076923076923077,0.11
MN-29,0.07,0.1076923076923077,0.11
MN-29,0.07,0.1076923076923077,0.11
MN-30,0.38,0.5846153846153846,0.6
MN-30,0.38,0.5846153846153846,0.6
MN-30,0.38,0.5846153846153846,0.6
MN-30,0.38,0.5846153846153846,0.6
MN-30,0.38,0.5846153846153846,0.6
MN-30,0.38,0.5846153846153846,0.6
MN-30,0.38,0.5846153846153846,0.6
MN-30,0.38,0.5846153846153846,0.6
MN-30,0.38,0.5846153846153846,0.6
MN-30,0.38,0.5846153846153846,0.6
MN-30,0.38,0.5846153846153846,0.6
MN-30,0.38,0.5846153846153846,0.6
MN-30,0.38,0.5846153846153846,0.6
MN-30,0.38,0.5846153846153846,0.6
MN-30,0.38,0.5846153846153846,0.6
MN-30,0.38,0.5846153846153846,0.6
MN-30,0.38,0.5846153846153846,0.6
MN-30,0.38,0.5846153846153846,0.6
MN-30,0.38,0.5846153846153846,0.6
MN-30,0.38,0.5846153846153846,0.6
MN-30,0.38,0.5846153846153846,0.6
MN-30,0.38,0.5846153846153846,0.6
MN-30,0.38,0.5846153846153846,0.6
MN-30,0.38,0.5846153846153846,0.6
MN-30,0.38,0.5846153846153846,0.6
MN-30,0.38,0.5846153846153846,0.6
MN-30,0.38,0.5846153846153846,0.6
MN-30,0.38,0.5846153846153846,0.6
MN-30,0.38,0.5846153846153846,0.6
MN-30,0.38,0.5846153846153846,0.6
MN-30,0.38,0.5846153846153846,0.6
MN-30,0.38,0.5846153846153846,0.6
MN-30,0.38,0.5846153846153846,0.6
MN-30,0.38,0.5846153846153846,0.6
MN-30,0.38,0.5846153846153846,0.6
MN-30,0.38,0.5846153846153846,0.6
MN-30,0.38,0.5846153846153846,0.6
MN-30,0.38,0.5846153846153846,0.6
MN-30,0.38,0.5846153846153846,0.6
MN-30,0.38,0.5846153846153846,0.6
MN-30,0.38,0.5846153846153846,0.6
MN-30,0.38,0.5846153846153846,0.6
MN-30,0.38,0.5846153846153846,0.6
MN-30,0.38,0.5846153846153846,0.6
MN-30,0.38,0.5846153846153846,0.6
MN-30,0.38,0.5846153846153846,0.6
MN-30,0.38,0.5846153846153846,0.6
MN-30,0.38,0.5846153846153846,0.6
MN-30,0.38,0.5846153846153846,0.6
MN-30,0.38,0.5846153846153846,0.6
MN-30,0.38,0.5846153846153846,0.6
MN-30,0.38,0.5846153846153846,0.58
MN-30,0.38,0.5846153846153846,0.58
MN-30,0.38,0.5846153846153846,0.6
MN-30,0.38,0.5846153846153846,0.6
MN-30,0.38,0.5846153846153846,0.6
MN-30,0.38,0.5846153846153846,0.6
MN-30,0.38,0.5846153846153846,0.6
MN-30,0.38,0.5846153846153846,0.6
MN-30,0.38,0.5846153846153846,0.6
MN-30,0.38,0.5846153846153846,0.6
MN-30,0.38,0.5846153846153846,0.6
MN-30,0.38,0.5846153846153846,0.6
MN-30,0.38,0.5846153846153846,0.6
MN-30,0.38,0.5846153846153846,0.6
MN-30,0.38,0.5846153846153846,0.6
MN-30,0.38,0.5846153846153846,0.6
MN-30,0.38,0.5846153846153846,0.6
MN-30,0.38,0.5846153846153846,0.6
MN-30,0.38,0.5846153846153846,0.6
MN-30,0.38,0.5846153846153846,0.6
MN-30,0.38,0.5846153846153846,0.6
MN-30,0.38,0.5846153846153846,0.6
MN-30,0.38,0.5846153846153846,0.6
MN-30,0.38,0.5846153846153846,0.6
MN-30,0.38,0.5846153846153846,0.6
MN-30,0.38,0.5846153846153846,0.6
MN-30,0.38,0.5846153846153846,0.6
MN-30,0.38,0.5846153846153846,0.6
MN-30,0.38,0.5846153846153846,0.6
MN-30,0.38,0.5846153846153846,0.6
MN-30,0.38,0.5846153846153846,0.6
MN-30,0.38,0.5846153846153846,0.6
MN-30,0.38,0.5846153846153846,0.6
MN-30,0.38,0.5846153846153846,0.6
MN-30,0.38,0.5846153846153846,0.58
MN-30,0.38,0.5846153846153846,0.6
MN-30,0.38,0.5846153846153846,0.57
MN-30,0.38,0.5846153846153846,0.6
MN-30,0.38,0.5846153846153846,0.6
MN-30,0.38,0.5846153846153846,0.6
MN-30,0.38,0.5846153846153846,0.6
MN-30,0.38,0.5846153846153846,0.6
MN-31,0.24,0.3692307692307692,0.38
MN-31,0.24,0.3692307692307692,0.38
MN-31,0.24,0.3692307692307692,0.38
MN-31,0.24,0.3692307692307692,0.38
MN-31,0.24,0.3692307692307692,0.38
MN-31,0.24,0.3692307692307692,0.38
MN-31,0.24,0.3692307692307692,0.38
MN-31,0.24,0.3692307692307692,0.38
MN-31,0.24,0.3692307692307692,0.38
MN-31,0.24,0.3692307692307692,0.38
MN-31,0.24,0.3692307692307692,0.38
MN-31,0.24,0.3692307692307692,0.38
MN-31,0.24,0.3692307692307692,0.38
MN-31,0.24,0.3692307692307692,0.38
MN-31,0.24,0.3692307692307692,0.38
MN-31,0.24,0.3692307692307692,0.38
MN-31,0.24,0.3692307692307692,0.38
MN-31,0.24,0.3692307692307692,0.38
MN-31,0.24,0.3692307692307692,0.38
MN-31,0.24,0.3692307692307692,0.38
MN-31,0.24,0.3692307692307692,0.38
MN-31,0.24,0.3692307692307692,0.38
MN-31,0.24,0.3692307692307692,0.38
MN-31,0.24,0.3692307692307692,0.38
MN-31,0.24,0.3692307692307692,0.38
MN-31,0.24,0.3692307692307692,0.38
MN-31,0.24,0.3692307692307692,0.38
MN-31,0.24,0.3692307692307692,0.38
MN-31,0.24,0.3692307692307692,0.38
MN-31,0.24,0.3692307692307692,0.38
MN-31,0.24,0.3692307692307692,0.38
MN-31,0.24,0.3692307692307692,0.38
MN-31,0.24,0.3692307692307692,0.38
MN-31,0.24,0.3692307692307692,0.38
MN-31,0.24,0.3692307692307692,0.38
MN-31,0.24,0.3692307692307692,0.38
MN-31,0.24,0.3692307692307692,0.38
MN-31,0.24,0.3692307692307692,0.38
MN-31,0.24,0.3692307692307692,0.38
MN-31,0.24,0.3692307692307692,0.38
MN-31,0.24,0.3692307692307692,0.38
MN-31,0.24,0.3692307692307692,0.38
MN-31,0.24,0.3692307692307692,0.38
MN-31,0.24,0.3692307692307692,0.38
MN-31,0.24,0.3692307692307692,0.38
MN-31,0.24,0.3692307692307692,0.38
MN-31,0.24,0.3692307692307692,0.38
MN-31,0.24,0.3692307692307692,0.38
MN-31,0.24,0.3692307692307692,0.37
MN-31,0.24,0.3692307692307692,0.38
MN-31,0.24,0.3692307692307692,0.37
MN-31,0.24,0.3692307692307692,0.38
MN-31,0.24,0.3692307692307692,0.38
MN-31,0.24,0.3692307692307692,0.38
MN-31,0.24,0.3692307692307692,0.38
MN-31,0.24,0.3692307692307692,0.38
MN-31,0.24,0.3692307692307692,0.38
MN-31,0.24,0.3692307692307692,0.38
MN-31,0.24,0.3692307692307692,0.38
MN-31,0.24,0.3692307692307692,0.38
MN-31,0.24,0.3692307692307692,0.38
MN-31,0.24,0.3692307692307692,0.38
MN-31,0.24,0.3692307692307692,0.38
MN-31,0.24,0.3692307692307692,0.38
MN-31,0.24,0.3692307692307692,0.38
MN-31,0.24,0.3692307692307692,0.38
MN-31,0.24,0.3692307692307692,0.38
MN-31,0.24,0.3692307692307692,0.38
MN-31,0.24,0.3692307692307692,0.38
MN-31,0.24,0.3692307692307692,0.38
MN-31,0.24,0.3692307692307692,0.38
MN-31,0.24,0.3692307692307692,0.38
MN-31,0.24,0.3692307692307692,0.38
MN-31,0.24,0.3692307692307692,0.38
MN-31,0.24,0.3692307692307692,0.38
MN-31,0.24,0.3692307692307692,0.38
MN-31,0.24,0.3692307692307692,0.38
MN-31,0.24,0.3692307692307692,0.38
MN-31,0.24,0.3692307692307692,0.38
MN-31,0.24,0.3692307692307692,0.38
MN-31,0.24,0.3692307692307692,0.38
MN-31,0.24,0.3692307692307692,0.38
MN-31,0.24,0.3692307692307692,0.38
MN-31,0.24,0.3692307692307692,0.38
MN-31,0.24,0.3692307692307692,0.38
MN-31,0.24,0.3692307692307692,0.38
MN-32,0.2,0.3076923076923077,0.32
MN-32,0.2,0.3076923076923077,0.32
MN-32,0.2,0.3076923076923077,0.32
MN-32,0.2,0.3076923076923077,0.32
MN-32,0.2,0.3076923076923077,0.32
MN-32,0.2,0.3076923076923077,0.32
MN-32,0.2,0.3076923076923077,0.32
MN-32,0.2,0.3076923076923077,0.32
MN-32,0.2,0.3076923076923077,0.32
MN-32,0.2,0.3076923076923077,0.32
MN-32,0.2,0.3076923076923077,0.32
MN-32,0.2,0.3076923076923077,0.32
MN-32,0.2,0.3076923076923077,0.32
MN-32,0.2,0.3076923076923077,0.32
MN-32,0.2,0.3076923076923077,0.32
MN-32,0.2,0.3076923076923077,0.32
MN-32,0.2,0.3076923076923077,0.32
MN-32,0.2,0.3076923076923077,0.32
MN-32,0.2,0.3076923076923077,0.32
MN-32,0.2,0.3076923076923077,0.32
MN-32,0.2,0.3076923076923077,0.32
MN-32,0.2,0.3076923076923077,0.32
MN-32,0.2,0.3076923076923077,0.32
MN-32,0.2,0.3076923076923077,0.32
MN-32,0.2,0.3076923076923077,0.32
MN-32,0.2,0.3076923076923077,0.32
MN-32,0.2,0.3076923076923077,0.32
MN-32,0.2,0.3076923076923077,0.32
MN-32,0.2,0.3076923076923077,0.32
MN-32,0.2,0.3076923076923077,0.32
MN-32,0.2,0.3076923076923077,0.32
MN-32,0.2,0.3076923076923077,0.32
MN-32,0.2,0.3076923076923077,0.32
MN-32,0.2,0.3076923076923077,0.32
MN-32,0.2,0.3076923076923077,0.32
MN-32,0.2,0.3076923076923077,0.32
MN-32,0.2,0.3076923076923077,0.32
MN-32,0.2,0.3076923076923077,0.32
MN-32,0.2,0.3076923076923077,0.32
MN-32,0.2,0.3076923076923077,0.32
MN-32,0.2,0.3076923076923077,0.32
MN-32,0.2,0.3076923076923077,0.32
MN-32,0.2,0.3076923076923077,0.32
MN-32,0.2,0.3076923076923077,0.32
MN-32,0.2,0.3076923076923077,0.31
MN-32,0.2,0.3076923076923077,0.32
MN-32,0.2,0.3076923076923077,0.32
MN-32,0.2,0.3076923076923077,0.32
MN-32,0.2,0.3076923076923077,0.32
MN-32,0.2,0.3076923076923077,0.32
MN-32,0.2,0.3076923076923077,0.32
MN-32,0.2,0.3076923076923077,0.32
MN-32,0.2,0.3076923076923077,0.32
MN-32,0.2,0.3076923076923077,0.32
MN-32,0.2,0.3076923076923077,0.32
MN-32,0.2,0.3076923076923077,0.32
MN-32,0.2,0.3076923076923077,0.32
MN-32,0.2,0.3076923076923077,0.32
MN-32,0.2,0.3076923076923077,0.32
MN-32,0.2,0.3076923076923077,0.32
MN-32,0.2,0.3076923076923077,0.32
MN-32,0.2,0.3076923076923077,0.32
MN-32,0.2,0.3076923076923077,0.32
MN-32,0.2,0.3076923076923077,0.32
MN-32,0.2,0.3076923076923077,0.32
MN-32,0.2,0.3076923076923077,0.32
MN-32,0.2,0.3076923076923077,0.32
MN-32,0.2,0.3076923076923077,0.32
MN-32,0.2,0.3076923076923077,0.32
MN-32,0.2,0.3076923076923077,0.32
MN-32,0.2,0.3076923076923077,0.32
MN-32,0.2,0.3076923076923077,0.32
MN-32,0.2,0.3076923076923077,0.32
MN-32,0.2,0.3076923076923077,0.32
MN-32,0.2,0.3076923076923077,0.32
MN-32,0.2,0.3076923076923077,0.32
MN-32,0.2,0.3076923076923077,0.32
MN-32,0.2,0.3076923076923077,0.32
MN-32,0.2,0.3076923076923077,0.32
MN-32,0.2,0.3076923076923077,0.32
MN-32,0.2,0.3076923076923077,0.32
MN-32,0.2,0.3076923076923077,0.32
MN-32,0.2,0.3076923076923077,0.32
MN-32,0.2,0.3076923076923077,0.32
MN-32,0.2,0.3076923076923077,0.32
MN-33,0.14,0.2153846153846154,0.22
MN-33,0.14,0.2153846153846154,0.22
MN-33,0.14,0.2153846153846154,0.22
MN-33,0.14,0.2153846153846154,0.22
MN-33,0.14,0.2153846153846154,0.22
MN-33,0.14,0.2153846153846154,0.22
MN-33,0.14,0.2153846153846154,0.22
MN-33,0.14,0.2153846153846154,0.22
MN-33,0.14,0.2153846153846154,0.22
MN-33,0.14,0.2153846153846154,0.22
MN-33,0.14,0.2153846153846154,0.22
MN-33,0.14,0.2153846153846154,0.22
MN-33,0.14,0.2153846153846154,0.22
MN-33,0.14,0.2153846153846154,0.22
MN-33,0.14,0.2153846153846154,0.22
MN-33,0.14,0.2153846153846154,0.22
MN-33,0.14,0.2153846153846154,0.22
MN-33,0.14,0.2153846153846154,0.22
MN-33,0.14,0.2153846153846154,0.22
MN-33,0.14,0.2153846153846154,0.22
MN-33,0.14,0.2153846153846154,0.22
MN-33,0.14,0.2153846153846154,0.22
MN-33,0.14,0.2153846153846154,0.22
MN-33,0.14,0.2153846153846154,0.22
MN-33,0.14,0.2153846153846154,0.22
MN-33,0.14,0.2153846153846154,0.22
MN-33,0.14,0.2153846153846154,0.22
MN-33,0.14,0.2153846153846154,0.22
MN-33,0.14,0.2153846153846154,0.22
MN-33,0.14,0.2153846153846154,0.22
MN-33,0.14,0.2153846153846154,0.22
MN-33,0.14,0.2153846153846154,0.22
MN-33,0.14,0.2153846153846154,0.22
MN-33,0.14,0.2153846153846154,0.22
MN-33,0.14,0.2153846153846154,0.22
MN-33,0.14,0.2153846153846154,0.22
MN-33,0.14,0.2153846153846154,0.22
MN-33,0.14,0.2153846153846154,0.22
MN-33,0.14,0.2153846153846154,0.22
MN-33,0.14,0.2153846153846154,0.22
MN-33,0.14,0.2153846153846154,0.22
MN-33,0.14,0.2153846153846154,0.22
MN-33,0.14,0.2153846153846154,0.22
MN-33,0.14,0.2153846153846154,0.22
MN-33,0.14,0.2153846153846154,0.22
MN-33,0.14,0.2153846153846154,0.22
MN-33,0.14,0.2153846153846154,0.22
MN-33,0.14,0.2153846153846154,0.22
MN-33,0.14,0.2153846153846154,0.22
MN-33,0.14,0.2153846153846154,0.22
MN-33,0.14,0.2153846153846154,0.22
MN-33,0.14,0.2153846153846154,0.22
MN-33,0.14,0.2153846153846154,0.22
MN-33,0.14,0.2153846153846154,0.22
MN-33,0.14,0.2153846153846154,0.22
MN-33,0.14,0.2153846153846154,0.22
MN-33,0.14,0.2153846153846154,0.22
MN-33,0.14,0.2153846153846154,0.22
MN-33,0.14,0.2153846153846154,0.22
MN-33,0.14,0.2153846153846154,0.22
MN-33,0.14,0.2153846153846154,0.22
MN-33,0.14,0.2153846153846154,0.22
MN-33,0.14,0.2153846153846154,0.22
MN-33,0.14,0.2153846153846154,0.22
MN-33,0.14,0.2153846153846154,0.22
MN-33,0.14,0.2153846153846154,0.22
MN-33,0.14,0.2153846153846154,0.22
MN-33,0.14,0.2153846153846154,0.22
MN-33,0.14,0.2153846153846154,0.22
MN-33,0.14,0.2153846153846154,0.22
MN-33,0.14,0.2153846153846154,0.22
MN-33,0.14,0.2153846153846154,0.22
MN-33,0.14,0.2153846153846154,0.22
MN-33,0.14,0.2153846153846154,0.22
MN-33,0.14,0.2153846153846154,0.22
MN-33,0.14,0.2153846153846154,0.22
MN-33,0.14,0.2153846153846154,0.22
MN-33,0.14,0.2153846153846154,0.22
MN-34,0.28,0.4307692307692308,0.44
MN-34,0.28,0.4307692307692308,0.44
MN-34,0.28,0.4307692307692308,0.44
MN-34,0.28,0.4307692307692308,0.44
MN-34,0.28,0.4307692307692308,0.44
MN-34,0.28,0.4307692307692308,0.44
MN-34,0.28,0.4307692307692308,0.44
MN-34,0.28,0.4307692307692308,0.44
MN-34,0.28,0.4307692307692308,0.44
MN-34,0.28,0.4307692307692308,0.44
MN-34,0.28,0.4307692307692308,0.44
MN-34,0.28,0.4307692307692308,0.44
MN-34,0.28,0.4307692307692308,0.44
MN-34,0.28,0.4307692307692308,0.44
MN-34,0.28,0.4307692307692308,0.44
MN-34,0.28,0.4307692307692308,0.44
MN-34,0.28,0.4307692307692308,0.44
MN-34,0.28,0.4307692307692308,0.44
MN-34,0.28,0.4307692307692308,0.44
MN-34,0.28,0.4307692307692308,0.44
MN-34,0.28,0.4307692307692308,0.44
MN-34,0.28,0.4307692307692308,0.44
MN-34,0.28,0.4307692307692308,0.44
MN-34,0.28,0.4307692307692308,0.44
MN-34,0.28,0.4307692307692308,0.44
MN-34,0.28,0.4307692307692308,0.44
MN-34,0.28,0.4307692307692308,0.44
MN-34,0.28,0.4307692307692308,0.44
MN-34,0.28,0.4307692307692308,0.44
MN-34,0.28,0.4307692307692308,0.44
MN-34,0.28,0.4307692307692308,0.44
MN-34,0.28,0.4307692307692308,0.44
MN-34,0.28,0.4307692307692308,0.44
MN-34,0.28,0.4307692307692308,0.44
MN-34,0.28,0.4307692307692308,0.44
MN-34,0.28,0.4307692307692308,0.44
MN-34,0.28,0.4307692307692308,0.44
MN-34,0.28,0.4307692307692308,0.44
MN-34,0.28,0.4307692307692308,0.44
MN-34,0.28,0.4307692307692308,0.44
MN-34,0.28,0.4307692307692308,0.44
MN-34,0.28,0.4307692307692308,0.44
MN-34,0.28,0.4307692307692308,0.44
MN-34,0.28,0.4307692307692308,0.44
MN-34,0.28,0.4307692307692308,0.44
MN-34,0.28,0.4307692307692308,0.44
MN-34,0.28,0.4307692307692308,0.44
MN-34,0.28,0.4307692307692308,0.44
MN-34,0.28,0.4307692307692308,0.44
MN-34,0.28,0.4307692307692308,0.44
MN-34,0.28,0.4307692307692308,0.44
MN-34,0.28,0.4307692307692308,0.42
MN-34,0.28,0.4307692307692308,0.44
MN-34,0.28,0.4307692307692308,0.44
MN-34,0.28,0.4307692307692308,0.44
MN-34,0.28,0.4307692307692308,0.44
MN-34,0.28,0.4307692307692308,0.44
MN-34,0.28,0.4307692307692308,0.44
MN-34,0.28,0.4307692307692308,0.44
MN-34,0.28,0.4307692307692308,0.44
MN-34,0.28,0.4307692307692308,0.44
MN-34,0.28,0.4307692307692308,0.44
MN-34,0.28,0.4307692307692308,0.44
MN-34,0.28,0.4307692307692308,0.44
MN-34,0.28,0.4307692307692308,0.44
MN-34,0.28,0.4307692307692308,0.43
MN-34,0.28,0.4307692307692308,0.44
MN-34,0.28,0.4307692307692308,0.44
MN-34,0.28,0.4307692307692308,0.44
MN-34,0.28,0.4307692307692308,0.44
MN-34,0.28,0.4307692307692308,0.44
MN-34,0.28,0.4307692307692308,0.44
MN-34,0.28,0.4307692307692308,0.44
MN-34,0.28,0.4307692307692308,0.44
MN-34,0.28,0.4307692307692308,0.44
MN-34,0.28,0.4307692307692308,0.44
MN-34,0.28,0.4307692307692308,0.44
MN-34,0.28,0.4307692307692308,0.44
MN-34,0.28,0.4307692307692308,0.44
MN-34,0.28,0.4307692307692308,0.44
MN-34,0.28,0.4307692307692308,0.44
MN-34,0.28,0.4307692307692308,0.44
MN-34,0.28,0.4307692307692308,0.44
MN-34,0.28,0.4307692307692308,0.44
MN-34,0.28,0.4307692307692308,0.44
MN-34,0.28,0.4307692307692308,0.44
MN-34,0.28,0.4307692307692308,0.44
MN-34,0.28,0.4307692307692308,0.44
MN-34,0.28,0.4307692307692308,0.44
MN-34,0.28,0.4307692307692308,0.44
MN-35,0.0,0.0,0.0
MN-35,0.0,0.0,0.0
MN-35,0.0,0.0,0.0
MN-35,0.0,0.0,0.0
MN-35,0.0,0.0,0.0
MN-35,0.0,0.0,0.0
MN-35,0.0,0.0,0.0
MN-35,0.0,0.0,0.0
MN-35,0.0,0.0,0.0
MN-35,0.0,0.0,0.0
MN-35,0.0,0.0,0.0
MN-35,0.0,0.0,0.0
MN-35,0.0,0.0,0.0
MN-35,0.0,0.0,0.0
MN-35,0.0,0.0,0.0
MN-35,0.0,0.0,0.0
MN-35,0.0,0.0,0.0
MN-35,0.0,0.0,0.0
MN-35,0.0,0.0,0.0
MN-35,0.0,0.0,0.0
MN-35,0.0,0.0,0.0
MN-35,0.0,0.0,0.0
MN-35,0.0,0.0,0.0
MN-35,0.0,0.0,0.0
MN-35,0.0,0.0,0.0
MN-35,0.0,0.0,0.0
MN-35,0.0,0.0,0.0
MN-35,0.0,0.0,0.0
MN-35,0.0,0.0,0.0
MN-35,0.0,0.0,0.0
MN-35,0.0,0.0,0.0
MN-35,0.0,0.0,0.0
MN-35,0.0,0.0,0.0
MN-35,0.0,0.0,0.0
MN-35,0.0,0.0,0.0
MN-35,0.0,0.0,0.0
MN-35,0.0,0.0,0.0
MN-35,0.0,0.0,0.0
MN-35,0.0,0.0,0.0
MN-35,0.0,0.0,0.0
MN-35,0.0,0.0,0.0
MN-35,0.0,0.0,0.0
MN-35,0.0,0.0,0.0
MN-35,0.0,0.0,0.0
MN-35,0.0,0.0,0.0
MN-35,0.0,0.0,0.0
MN-35,0.0,0.0,0.0
MN-35,0.0,0.0,0.0
MN-35,0.0,0.0,0.0
MN-35,0.0,0.0,0.0
MN-35,0.0,0.0,0.0
MN-35,0.0,0.0,0.0
MN-35,0.0,0.0,0.0
MN-35,0.0,0.0,0.0
MN-35,0.0,0.0,0.0
MN-35,0.0,0.0,0.0
MN-35,0.0,0.0,0.0
MN-35,0.0,0.0,0.0
MN-35,0.0,0.0,0.0
MN-35,0.0,0.0,0.0
MN-35,0.0,0.0,0.0
MN-35,0.0,0.0,0.0
MN-35,0.0,0.0,0.0
MN-35,0.0,0.0,0.0
MN-35,0.0,0.0,0.0
MN-35,0.0,0.0,0.0
MN-35,0.0,0.0,0.0
MN-35,0.0,0.0,0.0
MN-35,0.0,0.0,0.0
MN-35,0.0,0.0,0.0
MN-35,0.0,0.0,0.0
MN-35,0.0,0.0,0.0
MN-35,0.0,0.0,0.0
MN-35,0.0,0.0,0.0
MN-35,0.0,0.0,0.0
MN-35,0.0,0.0,0.0
MN-35,0.0,0.0,0.0
MN-35,0.0,0.0,0.0
MN-35,0.0,0.0,0.0
MN-35,0.0,0.0,0.0
MN-35,0.0,0.0,0.0
MN-35,0.0,0.0,0.0
MN-35,0.0,0.0,0.0
MN-35,0.0,0.0,0.0
MN-36,0.0,0.0,0.0
MN-36,0.0,0.0,0.0
MN-36,0.0,0.0,0.0
MN-36,0.0,0.0,0.0
MN-36,0.0,0.0,0.0
MN-36,0.0,0.0,0.0
MN-36,0.0,0.0,0.0
MN-36,0.0,0.0,0.0
MN-36,0.0,0.0,0.0
MN-36,0.0,0.0,0.0
MN-36,0.0,0.0,0.0
MN-36,0.0,0.0,0.0
MN-36,0.0,0.0,0.0
MN-36,0.0,0.0,0.0
MN-36,0.0,0.0,0.0
MN-36,0.0,0.0,0.0
MN-36,0.0,0.0,0.0
MN-36,0.0,0.0,0.0
MN-36,0.0,0.0,0.0
MN-36,0.0,0.0,0.0
MN-36,0.0,0.0,0.0
MN-36,0.0,0.0,0.0
MN-36,0.0,0.0,0.0
MN-36,0.0,0.0,0.0
MN-36,0.0,0.0,0.0
MN-36,0.0,0.0,0.0
MN-36,0.0,0.0,0.0
MN-36,0.0,0.0,0.0
MN-36,0.0,0.0,0.0
MN-36,0.0,0.0,0.0
MN-36,0.0,0.0,0.0
MN-36,0.0,0.0,0.0
MN-36,0.0,0.0,0.0
MN-36,0.0,0.0,0.0
MN-36,0.0,0.0,0.0
MN-36,0.0,0.0,0.0
MN-36,0.0,0.0,0.0
MN-36,0.0,0.0,0.0
MN-36,0.0,0.0,0.0
MN-36,0.0,0.0,0.0
MN-36,0.0,0.0,0.0
MN-36,0.0,0.0,0.0
MN-36,0.0,0.0,0.0
MN-36,0.0,0.0,0.0
MN-36,0.0,0.0,0.0
MN-36,0.0,0.0,0.0
MN-36,0.0,0.0,0.0
MN-36,0.0,0.0,0.0
MN-36,0.0,0.0,0.0
MN-36,0.0,0.0,0.0
MN-36,0.0,0.0,0.0
MN-36,0.0,0.0,0.0
MN-36,0.0,0.0,0.0
MN-36,0.0,0.0,0.0
MN-36,0.0,0.0,0.0
MN-36,0.0,0.0,0.0
MN-36,0.0,0.0,0.0
MN-36,0.0,0.0,0.0
MN-36,0.0,0.0,0.0
MN-36,0.0,0.0,0.0
MN-36,0.0,0.0,0.0
MN-36,0.0,0.0,0.0
MN-36,0.0,0.0,0.0
MN-36,0.0,0.0,0.0
MN-36,0.0,0.0,0.0
MN-36,0.0,0.0,0.0
MN-36,0.0,0.0,0.0
MN-36,0.0,0.0,0.0
MN-36,0.0,0.0,0.0
MN-36,0.0,0.0,0.0
MN-36,0.0,0.0,0.0
MN-36,0.0,0.0,0.0
MN-36,0.0,0.0,0.0
MN-36,0.0,0.0,0.0
MN-36,0.0,0.0,0.0
MN-36,0.0,0.0,0.0
MN-36,0.0,0.0,0.0
MN-36,0.0,0.0,0.0
MN-36,0.0,0.0,0.0
MN-36,0.0,0.0,0.0
MN-36,0.0,0.0,0.0
MN-36,0.0,0.0,0.0
MN-36,0.0,0.0,0.0
MN-36,0.0,0.0,0.0
MN-36,0.0,0.0,0.0
MN-36,0.0,0.0,0.0
MN-36,0.0,0.0,0.0
MN-36,0.0,0.0,0.0
MN-36,0.0,0.0,0.0
MN-36,0.0,0.0,0.0
MN-36,0.0,0.0,0.0
MN-36,0.0,0.0,0.0
MN-36,0.0,0.0,0.0
MN-36,0.0,0.0,0.0
MN-36,0.0,0.0,0.0
MN-36,0.0,0.0,0.0
MN-36,0.0,0.0,0.0
MN-36,0.0,0.0,0.0
MN-36,0.0,0.0,0.0
MN-36,0.0,0.0,0.0
MN-36,0.0,0.0,0.0
MN-37,0.0,0.0,0.0
MN-37,0.0,0.0,0.0
MN-37,0.0,0.0,0.0
MN-37,0.0,0.0,0.0
MN-37,0.0,0.0,0.0
MN-37,0.0,0.0,0.0
MN-37,0.0,0.0,0.0
MN-37,0.0,0.0,0.0
MN-37,0.0,0.0,0.0
MN-37,0.0,0.0,0.0
MN-37,0.0,0.0,0.0
MN-37,0.0,0.0,0.0
MN-37,0.0,0.0,0.0
MN-37,0.0,0.0,0.0
MN-37,0.0,0.0,0.0
MN-37,0.0,0.0,0.0
MN-37,0.0,0.0,0.0
MN-37,0.0,0.0,0.0
MN-37,0.0,0.0,0.0
MN-37,0.0,0.0,0.0
MN-37,0.0,0.0,0.0
MN-37,0.0,0.0,0.0
MN-37,0.0,0.0,0.0
MN-37,0.0,0.0,0.0
MN-37,0.0,0.0,0.0
MN-37,0.0,0.0,0.0
MN-37,0.0,0.0,0.0
MN-37,0.0,0.0,0.0
MN-37,0.0,0.0,0.0
MN-37,0.0,0.0,0.0
MN-37,0.0,0.0,0.0
MN-37,0.0,0.0,0.0
MN-37,0.0,0.0,0.0
MN-37,0.0,0.0,0.0
MN-37,0.0,0.0,0.0
MN-37,0.0,0.0,0.0
MN-37,0.0,0.0,0.0
MN-37,0.0,0.0,0.0
MN-37,0.0,0.0,0.0
MN-37,0.0,0.0,0.0
MN-37,0.0,0.0,0.0
MN-37,0.0,0.0,0.0
MN-37,0.0,0.0,0.0
MN-37,0.0,0.0,0.0
MN-37,0.0,0.0,0.0
MN-37,0.0,0.0,0.0
MN-37,0.0,0.0,0.0
MN-37,0.0,0.0,0.0
MN-37,0.0,0.0,0.0
MN-37,0.0,0.0,0.0
MN-37,0.0,0.0,0.0
MN-37,0.0,0.0,0.0
MN-37,0.0,0.0,0.0
MN-37,0.0,0.0,0.0
MN-37,0.0,0.0,0.0
MN-37,0.0,0.0,0.0
MN-37,0.0,0.0,0.0
MN-37,0.0,0.0,0.0
MN-37,0.0,0.0,0.0
MN-37,0.0,0.0,0.0
MN-37,0.0,0.0,0.0
MN-37,0.0,0.0,0.0
MN-37,0.0,0.0,0.0
MN-37,0.0,0.0,0.0
MN-38,0.0,0.0,0.0
MN-38,0.0,0.0,0.0
MN-38,0.0,0.0,0.0
MN-38,0.0,0.0,0.0
MN-38,0.0,0.0,0.0
MN-38,0.0,0.0,0.0
MN-38,0.0,0.0,0.0
MN-38,0.0,0.0,0.0
MN-38,0.0,0.0,0.0
MN-38,0.0,0.0,0.0
MN-38,0.0,0.0,0.0
MN-38,0.0,0.0,0.0
MN-38,0.0,0.0,0.0
MN-38,0.0,0.0,0.0
MN-38,0.0,0.0,0.0
MN-38,0.0,0.0,0.0
MN-38,0.0,0.0,0.0
MN-38,0.0,0.0,0.0
MN-38,0.0,0.0,0.0
MN-38,0.0,0.0,0.0
MN-38,0.0,0.0,0.0
MN-38,0.0,0.0,0.0
MN-38,0.0,0.0,0.0
MN-38,0.0,0.0,0.0
MN-38,0.0,0.0,0.0
MN-38,0.0,0.0,0.0
MN-38,0.0,0.0,0.0
MN-38,0.0,0.0,0.0
MN-38,0.0,0.0,0.0
MN-38,0.0,0.0,0.0
MN-38,0.0,0.0,0.0
MN-38,0.0,0.0,0.0
MN-38,0.0,0.0,0.0
MN-38,0.0,0.0,0.0
MN-38,0.0,0.0,0.0
MN-38,0.0,0.0,0.0
MN-38,0.0,0.0,0.0
MN-38,0.0,0.0,0.0
MN-38,0.0,0.0,0.0
MN-38,0.0,0.0,0.0
MN-38,0.0,0.0,0.0
MN-38,0.0,0.0,0.0
MN-38,0.0,0.0,0.0
MN-38,0.0,0.0,0.0
MN-38,0.0,0.0,0.0
MN-38,0.0,0.0,0.0
MN-38,0.0,0.0,0.0
MN-38,0.0,0.0,0.0
MN-38,0.0,0.0,0.0
MN-38,0.0,0.0,0.0
MN-38,0.0,0.0,0.0
MN-38,0.0,0.0,0.0
MN-38,0.0,0.0,0.0
MN-38,0.0,0.0,0.0
MN-38,0.0,0.0,0.0
MN-38,0.0,0.0,0.0
MN-38,0.0,0.0,0.0
MN-38,0.0,0.0,0.0
MN-38,0.0,0.0,0.0
MN-38,0.0,0.0,0.0
MN-38,0.0,0.0,0.0
MN-38,0.0,0.0,0.0
MN-38,0.0,0.0,0.0
MN-38,0.0,0.0,0.0
MN-38,0.0,0.0,0.0
MN-38,0.0,0.0,0.0
MN-38,0.0,0.0,0.0
MN-38,0.0,0.0,0.0
MN-38,0.0,0.0,0.0
MN-38,0.0,0.0,0.0
MN-38,0.0,0.0,0.0
MN-38,0.0,0.0,0.0
MN-38,0.0,0.0,0.0
MN-38,0.0,0.0,0.0
MN-38,0.0,0.0,0.0
MN-38,0.0,0.0,0.0
MN-38,0.0,0.0,0.0
MN-38,0.0,0.0,0.0
MN-38,0.0,0.0,0.0
MN-38,0.0,0.0,0.0
MN-38,0.0,0.0,0.0
MN-38,0.0,0.0,0.0
MN-38,0.0,0.0,0.0
MN-38,0.0,0.0,0.0
MN-38,0.0,0.0,0.0
MN-38,0.0,0.0,0.0
MN-38,0.0,0.0,0.0
MN-38,0.0,0.0,0.0
MN-38,0.0,0.0,0.0
MN-38,0.0,0.0,0.0
MN-38,0.0,0.0,0.0
MN-38,0.0,0.0,0.0
MN-38,0.0,0.0,0.0
MN-39,0.0,0.0,0.0
MN-39,0.0,0.0,0.0
MN-39,0.0,0.0,0.0
MN-39,0.0,0.0,0.0
MN-39,0.0,0.0,0.0
MN-39,0.0,0.0,0.0
MN-39,0.0,0.0,0.0
MN-39,0.0,0.0,0.0
MN-39,0.0,0.0,0.0
MN-39,0.0,0.0,0.0
MN-39,0.0,0.0,0.0
MN-39,0.0,0.0,0.0
MN-39,0.0,0.0,0.0
MN-39,0.0,0.0,0.0
MN-39,0.0,0.0,0.0
MN-39,0.0,0.0,0.0
MN-39,0.0,0.0,0.0
MN-39,0.0,0.0,0.0
MN-39,0.0,0.0,0.0
MN-39,0.0,0.0,0.0
MN-39,0.0,0.0,0.0
MN-39,0.0,0.0,0.0
MN-39,0.0,0.0,0.0
MN-39,0.0,0.0,0.0
MN-39,0.0,0.0,0.0
MN-39,0.0,0.0,0.0
MN-39,0.0,0.0,0.0
MN-39,0.0,0.0,0.0
MN-39,0.0,0.0,0.0
MN-39,0.0,0.0,0.0
MN-39,0.0,0.0,0.0
MN-39,0.0,0.0,0.0
MN-39,0.0,0.0,0.0
MN-39,0.0,0.0,0.0
MN-39,0.0,0.0,0.0
MN-39,0.0,0.0,0.0
MN-39,0.0,0.0,0.0
MN-39,0.0,0.0,0.0
MN-39,0.0,0.0,0.0
MN-39,0.0,0.0,0.0
MN-39,0.0,0.0,0.0
MN-39,0.0,0.0,0.0
MN-39,0.0,0.0,0.0
MN-39,0.0,0.0,0.0
MN-39,0.0,0.0,0.0
MN-39,0.0,0.0,0.0
MN-39,0.0,0.0,0.0
MN-39,0.0,0.0,0.0
MN-39,0.0,0.0,0.0
MN-39,0.0,0.0,0.0
MN-39,0.0,0.0,0.0
MN-39,0.0,0.0,0.0
MN-39,0.0,0.0,0.0
MN-39,0.0,0.0,0.0
MN-39,0.0,0.0,0.0
MN-39,0.0,0.0,0.0
MN-39,0.0,0.0,0.0
MN-39,0.0,0.0,0.0
MN-39,0.0,0.0,0.0
MN-39,0.0,0.0,0.0
MN-39,0.0,0.0,0.0
MN-39,0.0,0.0,0.0
MN-39,0.0,0.0,0.0
MN-39,0.0,0.0,0.0
MN-39,0.0,0.0,0.0
MN-39,0.0,0.0,0.0
MN-39,0.0,0.0,0.0
MN-39,0.0,0.0,0.0
MN-39,0.0,0.0,0.0
MN-39,0.0,0.0,0.0
MN-39,0.0,0.0,0.0
MN-39,0.0,0.0,0.0
MN-39,0.0,0.0,0.0
MN-39,0.0,0.0,0.0
MN-39,0.0,0.0,0.0
MN-39,0.0,0.0,0.0
MN-39,0.0,0.0,0.0
MN-39,0.0,0.0,0.0
MN-39,0.0,0.0,0.0
MN-39,0.0,0.0,0.0
MN-39,0.0,0.0,0.0
MN-39,0.0,0.0,0.0
MN-40,0.0,0.0,0.0
MN-40,0.0,0.0,0.0
MN-40,0.0,0.0,0.0
MN-40,0.0,0.0,0.0
MN-40,0.0,0.0,0.0
MN-40,0.0,0.0,0.0
MN-40,0.0,0.0,0.0
MN-40,0.0,0.0,0.0
MN-40,0.0,0.0,0.0
MN-40,0.0,0.0,0.0
MN-40,0.0,0.0,0.0
MN-40,0.0,0.0,0.0
MN-40,0.0,0.0,0.0
MN-40,0.0,0.0,0.0
MN-40,0.0,0.0,0.0
MN-40,0.0,0.0,0.0
MN-40,0.0,0.0,0.0
MN-40,0.0,0.0,0.0
MN-40,0.0,0.0,0.0
MN-40,0.0,0.0,0.0
MN-40,0.0,0.0,0.0
MN-40,0.0,0.0,0.0
MN-40,0.0,0.0,0.0
MN-40,0.0,0.0,0.0
MN-40,0.0,0.0,0.0
MN-40,0.0,0.0,0.0
MN-40,0.0,0.0,0.0
MN-40,0.0,0.0,0.0
MN-40,0.0,0.0,0.0
MN-40,0.0,0.0,0.0
MN-40,0.0,0.0,0.0
MN-40,0.0,0.0,0.0
MN-40,0.0,0.0,0.0
MN-40,0.0,0.0,0.0
MN-40,0.0,0.0,0.0
MN-40,0.0,0.0,0.0
MN-40,0.0,0.0,0.0
MN-40,0.0,0.0,0.0
MN-40,0.0,0.0,0.0
MN-40,0.0,0.0,0.0
MN-40,0.0,0.0,0.0
MN-40,0.0,0.0,0.0
MN-40,0.0,0.0,0.0
MN-40,0.0,0.0,0.0
MN-40,0.0,0.0,0.0
MN-40,0.0,0.0,0.0
MN-40,0.0,0.0,0.0
MN-40,0.0,0.0,0.0
MN-40,0.0,0.0,0.0
MN-40,0.0,0.0,0.0
MN-40,0.0,0.0,0.0
MN-40,0.0,0.0,0.0
MN-40,0.0,0.0,0.0
MN-40,0.0,0.0,0.0
MN-40,0.0,0.0,0.0
MN-40,0.0,0.0,0.0
MN-40,0.0,0.0,0.0
MN-40,0.0,0.0,0.0
MN-40,0.0,0.0,0.0
MN-40,0.0,0.0,0.0
MN-40,0.0,0.0,0.0
MN-40,0.0,0.0,0.0
MN-40,0.0,0.0,0.0
MN-40,0.0,0.0,0.0
MN-40,0.0,0.0,0.0
MN-40,0.0,0.0,0.0
MN-40,0.0,0.0,0.0
MN-40,0.0,0.0,0.0
MN-40,0.0,0.0,0.0
MN-40,0.0,0.0,0.0
MN-40,0.0,0.0,0.0
MN-40,0.0,0.0,0.0
MN-40,0.0,0.0,0.0
MN-40,0.0,0.0,0.0
MN-40,0.0,0.0,0.0
MN-40,0.0,0.0,0.0
MN-40,0.0,0.0,0.0
MN-40,0.0,0.0,0.0
MN-40,0.0,0.0,0.0
MN-40,0.0,0.0,0.0
MN-40,0.0,0.0,0.0
MN-40,0.0,0.0,0.0
MN-40,0.0,0.0,0.0
MN-40,0.0,0.0,0.0
MN-40,0.0,0.0,0.0
MN-40,0.0,0.0,0.0
MN-40,0.0,0.0,0.0
MN-40,0.0,0.0,0.0
MN-40,0.0,0.0,0.0
MN-40,0.0,0.0,0.0
MN-41,0.0,0.0,0.0
MN-41,0.0,0.0,0.0
MN-41,0.0,0.0,0.0
MN-41,0.0,0.0,0.0
MN-41,0.0,0.0,0.0
MN-41,0.0,0.0,0.0
MN-41,0.0,0.0,0.0
MN-41,0.0,0.0,0.0
MN-41,0.0,0.0,0.0
MN-41,0.0,0.0,0.0
MN-41,0.0,0.0,0.0
MN-41,0.0,0.0,0.0
MN-41,0.0,0.0,0.0
MN-41,0.0,0.0,0.0
MN-41,0.0,0.0,0.0
MN-41,0.0,0.0,0.0
MN-41,0.0,0.0,0.0
MN-41,0.0,0.0,0.0
MN-41,0.0,0.0,0.0
MN-41,0.0,0.0,0.0
MN-41,0.0,0.0,0.0
MN-41,0.0,0.0,0.0
MN-41,0.0,0.0,0.0
MN-41,0.0,0.0,0.0
MN-41,0.0,0.0,0.0
MN-41,0.0,0.0,0.0
MN-41,0.0,0.0,0.0
MN-41,0.0,0.0,0.0
MN-41,0.0,0.0,0.0
MN-41,0.0,0.0,0.0
MN-41,0.0,0.0,0.0
MN-41,0.0,0.0,0.0
MN-41,0.0,0.0,0.0
MN-41,0.0,0.0,0.0
MN-41,0.0,0.0,0.0
MN-41,0.0,0.0,0.0
MN-41,0.0,0.0,0.0
MN-41,0.0,0.0,0.0
MN-41,0.0,0.0,0.0
MN-41,0.0,0.0,0.0
MN-41,0.0,0.0,0.0
MN-41,0.0,0.0,0.0
MN-41,0.0,0.0,0.0
MN-41,0.0,0.0,0.0
MN-41,0.0,0.0,0.0
MN-41,0.0,0.0,0.0
MN-41,0.0,0.0,0.0
MN-41,0.0,0.0,0.0
MN-41,0.0,0.0,0.0
MN-41,0.0,0.0,0.0
MN-41,0.0,0.0,0.0
MN-41,0.0,0.0,0.0
MN-41,0.0,0.0,0.0
MN-41,0.0,0.0,0.0
MN-41,0.0,0.0,0.0
MN-41,0.0,0.0,0.0
MN-41,0.0,0.0,0.0
MN-41,0.0,0.0,0.0
MN-41,0.0,0.0,0.0
MN-41,0.0,0.0,0.0
MN-41,0.0,0.0,0.0
MN-41,0.0,0.0,0.0
MN-41,0.0,0.0,0.0
MN-41,0.0,0.0,0.0
MN-41,0.0,0.0,0.0
MN-41,0.0,0.0,0.0
MN-41,0.0,0.0,0.0
MN-41,0.0,0.0,0.0
MN-41,0.0,0.0,0.0
MN-41,0.0,0.0,0.0
MN-41,0.0,0.0,0.0
MN-41,0.0,0.0,0.0
MN-41,0.0,0.0,0.0
MN-41,0.0,0.0,0.0
MN-41,0.0,0.0,0.0
MN-41,0.0,0.0,0.0
MN-41,0.0,0.0,0.0
MN-41,0.0,0.0,0.0
MN-41,0.0,0.0,0.0
MN-41,0.0,0.0,0.0
MN-41,0.0,0.0,0.0
MN-41,0.0,0.0,0.0
MN-41,0.0,0.0,0.0
MN-41,0.0,0.0,0.0
MN-41,0.0,0.0,0.0
MN-41,0.0,0.0,0.0
MN-41,0.0,0.0,0.0
MN-41,0.0,0.0,0.0
MN-41,0.0,0.0,0.0
MN-41,0.0,0.0,0.0
MN-42,0.0,0.0,0.0
MN-42,0.0,0.0,0.0
MN-42,0.0,0.0,0.0
MN-42,0.0,0.0,0.0
MN-42,0.0,0.0,0.0
MN-42,0.0,0.0,0.0
MN-42,0.0,0.0,0.0
MN-42,0.0,0.0,0.0
MN-42,0.0,0.0,0.0
MN-42,0.0,0.0,0.0
MN-42,0.0,0.0,0.0
MN-42,0.0,0.0,0.0
MN-42,0.0,0.0,0.0
MN-42,0.0,0.0,0.0
MN-42,0.0,0.0,0.0
MN-42,0.0,0.0,0.0
MN-42,0.0,0.0,0.0
MN-42,0.0,0.0,0.0
MN-42,0.0,0.0,0.0
MN-42,0.0,0.0,0.0
MN-42,0.0,0.0,0.0
MN-42,0.0,0.0,0.0
MN-42,0.0,0.0,0.0
MN-42,0.0,0.0,0.0
MN-42,0.0,0.0,0.0
MN-42,0.0,0.0,0.0
MN-42,0.0,0.0,0.0
MN-42,0.0,0.0,0.0
MN-42,0.0,0.0,0.0
MN-42,0.0,0.0,0.0
MN-42,0.0,0.0,0.0
MN-42,0.0,0.0,0.0
MN-42,0.0,0.0,0.0
MN-42,0.0,0.0,0.0
MN-42,0.0,0.0,0.0
MN-42,0.0,0.0,0.0
MN-42,0.0,0.0,0.0
MN-42,0.0,0.0,0.0
MN-42,0.0,0.0,0.0
MN-42,0.0,0.0,0.0
MN-42,0.0,0.0,0.0
MN-42,0.0,0.0,0.0
MN-42,0.0,0.0,0.0
MN-42,0.0,0.0,0.0
MN-42,0.0,0.0,0.0
MN-42,0.0,0.0,0.0
MN-42,0.0,0.0,0.0
MN-42,0.0,0.0,0.0
MN-42,0.0,0.0,0.0
MN-42,0.0,0.0,0.0
MN-42,0.0,0.0,0.0
MN-42,0.0,0.0,0.0
MN-42,0.0,0.0,0.0
MN-42,0.0,0.0,0.0
MN-42,0.0,0.0,0.0
MN-42,0.0,0.0,0.0
MN-42,0.0,0.0,0.0
MN-42,0.0,0.0,0.0
MN-42,0.0,0.0,0.0
MN-42,0.0,0.0,0.0
MN-42,0.0,0.0,0.0
MN-42,0.0,0.0,0.0
MN-42,0.0,0.0,0.0
MN-42,0.0,0.0,0.0
MN-42,0.0,0.0,0.0
MN-42,0.0,0.0,0.0
MN-42,0.0,0.0,0.0
MN-42,0.0,0.0,0.0
MN-42,0.0,0.0,0.0
MN-42,0.0,0.0,0.0
MN-42,0.0,0.0,0.0
MN-42,0.0,0.0,0.0
MN-42,0.0,0.0,0.0
MN-42,0.0,0.0,0.0
MN-42,0.0,0.0,0.0
MN-42,0.0,0.0,0.0
MN-42,0.0,0.0,0.0
MN-42,0.0,0.0,0.0
MN-42,0.0,0.0,0.0
MN-42,0.0,0.0,0.0
MN-42,0.0,0.0,0.0
MN-42,0.0,0.0,0.0
MN-42,0.0,0.0,0.0
MN-42,0.0,0.0,0.0
MN-42,0.0,0.0,0.0
MN-42,0.0,0.0,0.0
MN-42,0.0,0.0,0.0
MN-42,0.0,0.0,0.0
MN-42,0.0,0.0,0.0
MN-43,0.0,0.0,0.0
MN-43,0.0,0.0,0.0
MN-43,0.0,0.0,0.0
MN-43,0.0,0.0,0.0
MN-43,0.0,0.0,0.0
MN-43,0.0,0.0,0.0
MN-43,0.0,0.0,0.0
MN-43,0.0,0.0,0.0
MN-43,0.0,0.0,0.0
MN-43,0.0,0.0,0.0
MN-43,0.0,0.0,0.0
MN-43,0.0,0.0,0.0
MN-43,0.0,0.0,0.0
MN-43,0.0,0.0,0.0
MN-43,0.0,0.0,0.0
MN-43,0.0,0.0,0.0
MN-43,0.0,0.0,0.0
MN-43,0.0,0.0,0.0
MN-43,0.0,0.0,0.0
MN-43,0.0,0.0,0.0
MN-43,0.0,0.0,0.0
MN-43,0.0,0.0,0.0
MN-43,0.0,0.0,0.0
MN-43,0.0,0.0,0.0
MN-43,0.0,0.0,0.0
MN-43,0.0,0.0,0.0
MN-43,0.0,0.0,0.0
MN-43,0.0,0.0,0.0
MN-43,0.0,0.0,0.0
MN-43,0.0,0.0,0.0
MN-43,0.0,0.0,0.0
MN-43,0.0,0.0,0.0
MN-43,0.0,0.0,0.0
MN-43,0.0,0.0,0.0
MN-43,0.0,0.0,0.0
MN-43,0.0,0.0,0.0
MN-43,0.0,0.0,0.0
MN-43,0.0,0.0,0.0
MN-43,0.0,0.0,0.0
MN-43,0.0,0.0,0.0
MN-43,0.0,0.0,0.0
MN-43,0.0,0.0,0.0
MN-43,0.0,0.0,0.0
MN-43,0.0,0.0,0.0
MN-43,0.0,0.0,0.0
MN-43,0.0,0.0,0.0
MN-43,0.0,0.0,0.0
MN-43,0.0,0.0,0.0
MN-43,0.0,0.0,0.0
MN-43,0.0,0.0,0.0
MN-43,0.0,0.0,0.0
MN-43,0.0,0.0,0.0
MN-43,0.0,0.0,0.0
MN-43,0.0,0.0,0.0
MN-43,0.0,0.0,0.0
MN-43,0.0,0.0,0.0
MN-43,0.0,0.0,0.0
MN-43,0.0,0.0,0.0
MN-43,0.0,0.0,0.0
MN-43,0.0,0.0,0.0
MN-43,0.0,0.0,0.0
MN-43,0.0,0.0,0.0
MN-43,0.0,0.0,0.0
MN-43,0.0,0.0,0.0
MN-43,0.0,0.0,0.0
MN-43,0.0,0.0,0.0
MN-43,0.0,0.0,0.0
MN-43,0.0,0.0,0.0
MN-43,0.0,0.0,0.0
MN-43,0.0,0.0,0.0
MN-43,0.0,0.0,0.0
MN-43,0.0,0.0,0.0
MN-43,0.0,0.0,0.0
MN-43,0.0,0.0,0.0
MN-44,0.0,0.0,0.0
MN-44,0.0,0.0,0.0
MN-44,0.0,0.0,0.0
MN-44,0.0,0.0,0.0
MN-44,0.0,0.0,0.0
MN-44,0.0,0.0,0.0
MN-44,0.0,0.0,0.0
MN-44,0.0,0.0,0.0
MN-44,0.0,0.0,0.0
MN-44,0.0,0.0,0.0
MN-44,0.0,0.0,0.0
MN-44,0.0,0.0,0.0
MN-44,0.0,0.0,0.0
MN-44,0.0,0.0,0.0
MN-44,0.0,0.0,0.0
MN-44,0.0,0.0,0.0
MN-44,0.0,0.0,0.0
MN-44,0.0,0.0,0.0
MN-44,0.0,0.0,0.0
MN-44,0.0,0.0,0.0
MN-44,0.0,0.0,0.0
MN-44,0.0,0.0,0.0
MN-44,0.0,0.0,0.0
MN-44,0.0,0.0,0.0
MN-44,0.0,0.0,0.0
MN-44,0.0,0.0,0.0
MN-44,0.0,0.0,0.0
MN-44,0.0,0.0,0.0
MN-44,0.0,0.0,0.0
MN-44,0.0,0.0,0.0
MN-44,0.0,0.0,0.0
MN-44,0.0,0.0,0.0
MN-44,0.0,0.0,0.0
MN-44,0.0,0.0,0.0
MN-44,0.0,0.0,0.0
MN-44,0.0,0.0,0.0
MN-44,0.0,0.0,0.0
MN-44,0.0,0.0,0.0
MN-44,0.0,0.0,0.0
MN-44,0.0,0.0,0.0
MN-44,0.0,0.0,0.0
MN-44,0.0,0.0,0.0
MN-44,0.0,0.0,0.0
MN-44,0.0,0.0,0.0
MN-44,0.0,0.0,0.0
MN-44,0.0,0.0,0.0
MN-44,0.0,0.0,0.0
MN-44,0.0,0.0,0.0
MN-44,0.0,0.0,0.0
MN-44,0.0,0.0,0.0
MN-44,0.0,0.0,0.0
MN-44,0.0,0.0,0.0
MN-44,0.0,0.0,0.0
MN-44,0.0,0.0,0.0
MN-44,0.0,0.0,0.0
MN-44,0.0,0.0,0.0
MN-44,0.0,0.0,0.0
MN-44,0.0,0.0,0.0
MN-44,0.0,0.0,0.0
MN-44,0.0,0.0,0.0
MN-44,0.0,0.0,0.0
MN-44,0.0,0.0,0.0
MN-44,0.0,0.0,0.0
MN-44,0.0,0.0,0.0
MN-44,0.0,0.0,0.0
MN-45,0.0,0.0,0.0
MN-45,0.0,0.0,0.0
MN-45,0.0,0.0,0.0
MN-45,0.0,0.0,0.0
MN-45,0.0,0.0,0.0
MN-45,0.0,0.0,0.0
MN-45,0.0,0.0,0.0
MN-45,0.0,0.0,0.0
MN-45,0.0,0.0,0.0
MN-45,0.0,0.0,0.0
MN-45,0.0,0.0,0.0
MN-45,0.0,0.0,0.0
MN-45,0.0,0.0,0.0
MN-45,0.0,0.0,0.0
MN-45,0.0,0.0,0.0
MN-45,0.0,0.0,0.0
MN-45,0.0,0.0,0.0
MN-45,0.0,0.0,0.0
MN-45,0.0,0.0,0.0
MN-45,0.0,0.0,0.0
MN-45,0.0,0.0,0.0
MN-45,0.0,0.0,0.0
MN-45,0.0,0.0,0.0
MN-45,0.0,0.0,0.0
MN-45,0.0,0.0,0.0
MN-45,0.0,0.0,0.0
MN-45,0.0,0.0,0.0
MN-45,0.0,0.0,0.0
MN-45,0.0,0.0,0.0
MN-45,0.0,0.0,0.0
MN-45,0.0,0.0,0.0
MN-45,0.0,0.0,0.0
MN-45,0.0,0.0,0.0
MN-45,0.0,0.0,0.0
MN-45,0.0,0.0,0.0
MN-45,0.0,0.0,0.0
MN-45,0.0,0.0,0.0
MN-45,0.0,0.0,0.0
MN-45,0.0,0.0,0.0
MN-45,0.0,0.0,0.0
MN-45,0.0,0.0,0.0
MN-45,0.0,0.0,0.0
MN-45,0.0,0.0,0.0
MN-45,0.0,0.0,0.0
MN-45,0.0,0.0,0.0
MN-45,0.0,0.0,0.0
MN-45,0.0,0.0,0.0
MN-45,0.0,0.0,0.0
MN-45,0.0,0.0,0.0
MN-45,0.0,0.0,0.0
MN-45,0.0,0.0,0.0
MN-45,0.0,0.0,0.0
MN-45,0.0,0.0,0.0
MN-45,0.0,0.0,0.0
MN-45,0.0,0.0,0.0
MN-45,0.0,0.0,0.0
MN-45,0.0,0.0,0.0
MN-45,0.0,0.0,0.0
MN-45,0.0,0.0,0.0
MN-45,0.0,0.0,0.0
MN-45,0.0,0.0,0.0
MN-45,0.0,0.0,0.0
MN-45,0.0,0.0,0.0
MN-45,0.0,0.0,0.0
MN-45,0.0,0.0,0.0
MN-45,0.0,0.0,0.0
MN-45,0.0,0.0,0.0
MN-45,0.0,0.0,0.0
MN-45,0.0,0.0,0.0
MN-45,0.0,0.0,0.0
MN-45,0.0,0.0,0.0
MN-45,0.0,0.0,0.0
MN-45,0.0,0.0,0.0
MN-45,0.0,0.0,0.0
MN-45,0.0,0.0,0.0
MN-45,0.0,0.0,0.0
MN-45,0.0,0.0,0.0
MN-45,0.0,0.0,0.0
MN-45,0.0,0.0,0.0
MN-46,0.0,0.0,0.0
MN-46,0.0,0.0,0.0
MN-46,0.0,0.0,0.0
MN-46,0.0,0.0,0.0
MN-46,0.0,0.0,0.0
MN-46,0.0,0.0,0.0
MN-46,0.0,0.0,0.0
MN-46,0.0,0.0,0.0
MN-46,0.0,0.0,0.0
MN-46,0.0,0.0,0.0
MN-46,0.0,0.0,0.0
MN-46,0.0,0.0,0.0
MN-46,0.0,0.0,0.0
MN-46,0.0,0.0,0.0
MN-46,0.0,0.0,0.0
MN-46,0.0,0.0,0.0
MN-46,0.0,0.0,0.0
MN-46,0.0,0.0,0.0
MN-46,0.0,0.0,0.0
MN-46,0.0,0.0,0.0
MN-46,0.0,0.0,0.0
MN-46,0.0,0.0,0.0
MN-46,0.0,0.0,0.0
MN-46,0.0,0.0,0.0
MN-46,0.0,0.0,0.0
MN-46,0.0,0.0,0.0
MN-46,0.0,0.0,0.0
MN-46,0.0,0.0,0.0
MN-46,0.0,0.0,0.0
MN-46,0.0,0.0,0.0
MN-46,0.0,0.0,0.0
MN-46,0.0,0.0,0.0
MN-46,0.0,0.0,0.0
MN-46,0.0,0.0,0.0
MN-46,0.0,0.0,0.0
MN-46,0.0,0.0,0.0
MN-46,0.0,0.0,0.0
MN-46,0.0,0.0,0.0
MN-46,0.0,0.0,0.0
MN-46,0.0,0.0,0.0
MN-46,0.0,0.0,0.0
MN-46,0.0,0.0,0.0
MN-46,0.0,0.0,0.0
MN-46,0.0,0.0,0.0
MN-46,0.0,0.0,0.0
MN-46,0.0,0.0,0.0
MN-46,0.0,0.0,0.0
MN-46,0.0,0.0,0.0
MN-46,0.0,0.0,0.0
MN-46,0.0,0.0,0.0
MN-46,0.0,0.0,0.0
MN-46,0.0,0.0,0.0
MN-46,0.0,0.0,0.0
MN-46,0.0,0.0,0.0
MN-46,0.0,0.0,0.0
MN-46,0.0,0.0,0.0
MN-46,0.0,0.0,0.0
MN-46,0.0,0.0,0.0
MN-46,0.0,0.0,0.0
MN-46,0.0,0.0,0.0
MN-46,0.0,0.0,0.0
MN-46,0.0,0.0,0.0
MN-46,0.0,0.0,0.0
MN-46,0.0,0.0,0.0
MN-47,0.0,0.0,0.0
MN-47,0.0,0.0,0.0
MN-47,0.0,0.0,0.0
MN-47,0.0,0.0,0.0
MN-47,0.0,0.0,0.0
MN-47,0.0,0.0,0.0
MN-47,0.0,0.0,0.0
MN-47,0.0,0.0,0.0
MN-47,0.0,0.0,0.0
MN-47,0.0,0.0,0.0
MN-47,0.0,0.0,0.0
MN-47,0.0,0.0,0.0
MN-47,0.0,0.0,0.0
MN-47,0.0,0.0,0.0
MN-47,0.0,0.0,0.0
MN-47,0.0,0.0,0.0
MN-47,0.0,0.0,0.0
MN-47,0.0,0.0,0.0
MN-47,0.0,0.0,0.0
MN-47,0.0,0.0,0.0
MN-47,0.0,0.0,0.0
MN-47,0.0,0.0,0.0
MN-47,0.0,0.0,0.0
MN-47,0.0,0.0,0.0
MN-47,0.0,0.0,0.0
MN-47,0.0,0.0,0.0
MN-47,0.0,0.0,0.0
MN-47,0.0,0.0,0.0
MN-47,0.0,0.0,0.0
MN-47,0.0,0.0,0.0
MN-47,0.0,0.0,0.0
MN-47,0.0,0.0,0.0
MN-47,0.0,0.0,0.0
MN-47,0.0,0.0,0.0
MN-47,0.0,0.0,0.0
MN-47,0.0,0.0,0.0
MN-47,0.0,0.0,0.0
MN-47,0.0,0.0,0.0
MN-47,0.0,0.0,0.0
MN-47,0.0,0.0,0.0
MN-47,0.0,0.0,0.0
MN-47,0.0,0.0,0.0
MN-47,0.0,0.0,0.0
MN-47,0.0,0.0,0.0
MN-47,0.0,0.0,0.0
MN-47,0.0,0.0,0.0
MN-47,0.0,0.0,0.0
MN-47,0.0,0.0,0.0
MN-47,0.0,0.0,0.0
MN-47,0.0,0.0,0.0
MN-47,0.0,0.0,0.0
MN-47,0.0,0.0,0.0
MN-47,0.0,0.0,0.0
MN-47,0.0,0.0,0.0
MN-47,0.0,0.0,0.0
MN-47,0.0,0.0,0.0
MN-47,0.0,0.0,0.0
MN-47,0.0,0.0,0.0
MN-47,0.0,0.0,0.0
MN-47,0.0,0.0,0.0
MN-47,0.0,0.0,0.0
MN-47,0.0,0.0,0.0
MN-47,0.0,0.0,0.0
MN-47,0.0,0.0,0.0
MN-47,0.0,0.0,0.0
MN-47,0.0,0.0,0.0
MN-47,0.0,0.0,0.0
MN-47,0.0,0.0,0.0
MN-47,0.0,0.0,0.0
MN-47,0.0,0.0,0.0
MN-47,0.0,0.0,0.0
MN-47,0.0,0.0,0.0
MN-47,0.0,0.0,0.0
MN-47,0.0,0.0,0.0
MN-47,0.0,0.0,0.0
MN-47,0.0,0.0,0.0
MN-47,0.0,0.0,0.0
MN-48,0.0,0.0,0.0
MN-48,0.0,0.0,0.0
MN-48,0.0,0.0,0.0
MN-48,0.0,0.0,0.0
MN-48,0.0,0.0,0.0
MN-48,0.0,0.0,0.0
MN-48,0.0,0.0,0.0
MN-48,0.0,0.0,0.0
MN-48,0.0,0.0,0.0
MN-48,0.0,0.0,0.0
MN-48,0.0,0.0,0.0
MN-48,0.0,0.0,0.0
MN-48,0.0,0.0,0.0
MN-48,0.0,0.0,0.0
MN-48,0.0,0.0,0.0
MN-48,0.0,0.0,0.0
MN-48,0.0,0.0,0.0
MN-48,0.0,0.0,0.0
MN-48,0.0,0.0,0.0
MN-48,0.0,0.0,0.0
MN-48,0.0,0.0,0.0
MN-48,0.0,0.0,0.0
MN-48,0.0,0.0,0.0
MN-48,0.0,0.0,0.0
MN-48,0.0,0.0,0.0
MN-48,0.0,0.0,0.0
MN-48,0.0,0.0,0.0
MN-48,0.0,0.0,0.0
MN-48,0.0,0.0,0.0
MN-48,0.0,0.0,0.0
MN-48,0.0,0.0,0.0
MN-48,0.0,0.0,0.0
MN-48,0.0,0.0,0.0
MN-48,0.0,0.0,0.0
MN-48,0.0,0.0,0.0
MN-48,0.0,0.0,0.0
MN-48,0.0,0.0,0.0
MN-48,0.0,0.0,0.0
MN-48,0.0,0.0,0.0
MN-48,0.0,0.0,0.0
MN-48,0.0,0.0,0.0
MN-48,0.0,0.0,0.0
MN-48,0.0,0.0,0.0
MN-48,0.0,0.0,0.0
MN-48,0.0,0.0,0.0
MN-48,0.0,0.0,0.0
MN-48,0.0,0.0,0.0
MN-48,0.0,0.0,0.0
MN-48,0.0,0.0,0.0
MN-48,0.0,0.0,0.0
MN-48,0.0,0.0,0.0
MN-48,0.0,0.0,0.0
MN-48,0.0,0.0,0.0
MN-48,0.0,0.0,0.0
MN-48,0.0,0.0,0.0
MN-48,0.0,0.0,0.0
MN-48,0.0,0.0,0.0
MN-48,0.0,0.0,0.0
MN-48,0.0,0.0,0.0
MN-48,0.0,0.0,0.0
MN-48,0.0,0.0,0.0
MN-48,0.0,0.0,0.0
MN-48,0.0,0.0,0.0
MN-48,0.0,0.0,0.0
MN-48,0.0,0.0,0.0
MN-48,0.0,0.0,0.0
MN-48,0.0,0.0,0.0
MN-48,0.0,0.0,0.0
MN-48,0.0,0.0,0.0
MN-48,0.0,0.0,0.0
MN-48,0.0,0.0,0.0
MN-48,0.0,0.0,0.0
MN-48,0.0,0.0,0.0
MN-48,0.0,0.0,0.0
MN-48,0.0,0.0,0.0
MN-49,0.0,0.0,0.0
MN-49,0.0,0.0,0.0
MN-49,0.0,0.0,0.0
MN-49,0.0,0.0,0.0
MN-49,0.0,0.0,0.0
MN-49,0.0,0.0,0.0
MN-49,0.0,0.0,0.0
MN-49,0.0,0.0,0.0
MN-49,0.0,0.0,0.0
MN-49,0.0,0.0,0.0
MN-49,0.0,0.0,0.0
MN-49,0.0,0.0,0.0
MN-49,0.0,0.0,0.0
MN-49,0.0,0.0,0.0
MN-49,0.0,0.0,0.0
MN-49,0.0,0.0,0.0
MN-49,0.0,0.0,0.0
MN-49,0.0,0.0,0.0
MN-49,0.0,0.0,0.0
MN-49,0.0,0.0,0.0
MN-49,0.0,0.0,0.0
MN-49,0.0,0.0,0.0
MN-49,0.0,0.0,0.0
MN-49,0.0,0.0,0.0
MN-49,0.0,0.0,0.0
MN-49,0.0,0.0,0.0
MN-49,0.0,0.0,0.0
MN-49,0.0,0.0,0.0
MN-49,0.0,0.0,0.0
MN-49,0.0,0.0,0.0
MN-49,0.0,0.0,0.0
MN-49,0.0,0.0,0.0
MN-49,0.0,0.0,0.0
MN-49,0.0,0.0,0.0
MN-49,0.0,0.0,0.0
MN-49,0.0,0.0,0.0
MN-49,0.0,0.0,0.0
MN-49,0.0,0.0,0.0
MN-49,0.0,0.0,0.0
MN-49,0.0,0.0,0.0
MN-49,0.0,0.0,0.0
MN-49,0.0,0.0,0.0
MN-49,0.0,0.0,0.0
MN-49,0.0,0.0,0.0
MN-49,0.0,0.0,0.0
MN-49,0.0,0.0,0.0
MN-49,0.0,0.0,0.0
MN-49,0.0,0.0,0.0
MN-49,0.0,0.0,0.0
MN-49,0.0,0.0,0.0
MN-49,0.0,0.0,0.0
MN-49,0.0,0.0,0.0
MN-49,0.0,0.0,0.0
MN-49,0.0,0.0,0.0
MN-49,0.0,0.0,0.0
MN-49,0.0,0.0,0.0
MN-49,0.0,0.0,0.0
MN-49,0.0,0.0,0.0
MN-49,0.0,0.0,0.0
MN-49,0.0,0.0,0.0
MN-49,0.0,0.0,0.0
MN-49,0.0,0.0,0.0
MN-49,0.0,0.0,0.0
MN-49,0.0,0.0,0.0
MN-49,0.0,0.0,0.0
MN-49,0.0,0.0,0.0
MN-49,0.0,0.0,0.0
MN-49,0.0,0.0,0.0
MN-49,0.0,0.0,0.0
MN-49,0.0,0.0,0.0
MN-49,0.0,0.0,0.0
MN-49,0.0,0.0,0.0
MN-49,0.0,0.0,0.0
MN-49,0.0,0.0,0.0
MN-49,0.0,0.0,0.0
MN-49,0.0,0.0,0.0
MN-49,0.0,0.0,0.0
MN-49,0.0,0.0,0.0
MN-49,0.0,0.0,0.0
MN-49,0.0,0.0,0.0
MN-49,0.0,0.0,0.0
MN-49,0.0,0.0,0.0
MN-49,0.0,0.0,0.0
MN-50,0.0,0.0,0.0
MN-50,0.0,0.0,0.0
MN-50,0.0,0.0,0.0
MN-50,0.0,0.0,0.0
MN-50,0.0,0.0,0.0
MN-50,0.0,0.0,0.0
MN-50,0.0,0.0,0.0
MN-50,0.0,0.0,0.0
MN-50,0.0,0.0,0.0
MN-50,0.0,0.0,0.0
MN-50,0.0,0.0,0.0
MN-50,0.0,0.0,0.0
MN-50,0.0,0.0,0.0
MN-50,0.0,0.0,0.0
MN-50,0.0,0.0,0.0
MN-50,0.0,0.0,0.0
MN-50,0.0,0.0,0.0
MN-50,0.0,0.0,0.0
MN-50,0.0,0.0,0.0
MN-50,0.0,0.0,0.0
MN-50,0.0,0.0,0.0
MN-50,0.0,0.0,0.0
MN-50,0.0,0.0,0.0
MN-50,0.0,0.0,0.0
MN-50,0.0,0.0,0.0
MN-50,0.0,0.0,0.0
MN-50,0.0,0.0,0.0
MN-50,0.0,0.0,0.0
MN-50,0.0,0.0,0.0
MN-50,0.0,0.0,0.0
MN-50,0.0,0.0,0.0
MN-50,0.0,0.0,0.0
MN-50,0.0,0.0,0.0
MN-50,0.0,0.0,0.0
MN-50,0.0,0.0,0.0
MN-50,0.0,0.0,0.0
MN-50,0.0,0.0,0.0
MN-50,0.0,0.0,0.0
MN-50,0.0,0.0,0.0
MN-50,0.0,0.0,0.0
MN-50,0.0,0.0,0.0
MN-50,0.0,0.0,0.0
MN-50,0.0,0.0,0.0
MN-50,0.0,0.0,0.0
MN-50,0.0,0.0,0.0
MN-50,0.0,0.0,0.0
MN-50,0.0,0.0,0.0
MN-50,0.0,0.0,0.0
MN-50,0.0,0.0,0.0
MN-50,0.0,0.0,0.0
MN-50,0.0,0.0,0.0
MN-50,0.0,0.0,0.0
MN-50,0.0,0.0,0.0
MN-50,0.0,0.0,0.0
MN-50,0.0,0.0,0.0
MN-50,0.0,0.0,0.0
MN-50,0.0,0.0,0.0
MN-50,0.0,0.0,0.0
MN-50,0.0,0.0,0.0
MN-50,0.0,0.0,0.0
MN-50,0.0,0.0,0.0
MN-50,0.0,0.0,0.0
MN-50,0.0,0.0,0.0
MN-50,0.0,0.0,0.0
MN-50,0.0,0.0,0.0
MN-50,0.0,0.0,0.0
MN-50,0.0,0.0,0.0
MN-50,0.0,0.0,0.0
MN-50,0.0,0.0,0.0
MN-50,0.0,0.0,0.0
MN-50,0.0,0.0,0.0
MN-50,0.0,0.0,0.0
MN-50,0.0,0.0,0.0
MN-50,0.0,0.0,0.0
MN-50,0.0,0.0,0.0
MN-50,0.0,0.0,0.0
MN-50,0.0,0.0,0.0
MN-50,0.0,0.0,0.0
MN-50,0.0,0.0,0.0
MN-50,0.0,0.0,0.0
MN-50,0.0,0.0,0.0
MN-50,0.0,0.0,0.0
MN-50,0.0,0.0,0.0
MN-50,0.0,0.0,0.0
